I,T_C,band,composition,cycles,dSI,dSI_C4_equals_HCO3_mapping,dSI_same_K,engine_SI,gated,mineral,point,ref_SI,ref_pct_charge_error,tolerance,within,within_unscaled
0.028294926535939752,25.0,I<=0.1,ARAMCO_FIELD_VALIDATED,1,-0.005356380557740126,0.02789596349842921,-0.0372527032945662,-0.20876691342247078,True,calcite,0,-0.20341053286473065,0.18003374275164702,0.05,True,True
0.028294926535939752,25.0,I<=0.1,ARAMCO_FIELD_VALIDATED,1,0.008359739460592097,0.007990910581022526,-0.023846684355873116,-1.2109685845999776,True,gypsum,0,-1.2193283240605697,0.18003374275164702,0.05,True,True
0.028294926535939752,25.0,I<=0.1,ARAMCO_FIELD_VALIDATED,1,-0.0032877072237966765,,-0.0015016934727967168,-0.6406240434177453,True,silica_am,0,-0.6373363361939486,0.18003374275164702,0.05,True,True
0.028294926535939752,25.0,I<=0.1,ARAMCO_FIELD_VALIDATED,1,-0.12244732033595529,-0.1236432328802115,-0.12244732033595529,4.424778101028789,True,hydroxyapatite,0,4.547225421364744,0.18003374275164702,0.2,True,False
0.02806251352554719,35.0,I<=0.1,ARAMCO_FIELD_VALIDATED,1,-0.01962369438208883,0.011411174662064552,-0.03010405128525484,-0.07797931880566544,True,calcite,1,-0.05835562442357661,0.16151634263301945,0.05,True,True
0.02806251352554719,35.0,I<=0.1,ARAMCO_FIELD_VALIDATED,1,-0.013349046722053615,-0.013696593322448214,-0.005587642302311124,-1.2234709657294482,True,gypsum,1,-1.2101219190073946,0.16151634263301945,0.05,True,True
0.02806251352554719,35.0,I<=0.1,ARAMCO_FIELD_VALIDATED,1,-0.008336309994699365,,-0.0007186379849568603,-0.7260203946424877,True,silica_am,1,-0.7176840846477883,0.16151634263301945,0.05,True,True
0.02806251352554719,35.0,I<=0.1,ARAMCO_FIELD_VALIDATED,1,-0.08657759395739095,-0.08773540563590121,-0.08660224617106316,5.179304215363099,True,hydroxyapatite,1,5.26588180932049,0.16151634263301945,0.2,True,False
0.027830852416155433,45.0,I<=0.1,ARAMCO_FIELD_VALIDATED,1,-0.032326556055586916,-0.0018804498612939036,-0.02087969811617718,0.045622569166916094,True,calcite,2,0.07794912522250301,0.1390120644117548,0.05,True,True
0.027830852416155433,45.0,I<=0.1,ARAMCO_FIELD_VALIDATED,1,-0.036423921632533274,-0.036770733861157145,0.01749156660188156,-1.226259167435157,True,gypsum,2,-1.1898352458026238,0.1390120644117548,0.05,True,True
0.027830852416155433,45.0,I<=0.1,ARAMCO_FIELD_VALIDATED,1,-0.012869407538721456,,0.0002133246936035782,-0.8060484383880699,True,silica_am,2,-0.7931790308493485,0.1390120644117548,0.05,True,True
0.027830852416155433,45.0,I<=0.1,ARAMCO_FIELD_VALIDATED,1,-0.043307285809142115,-0.04451444840221619,-0.04335504051333494,5.873883703980784,True,hydroxyapatite,2,5.917190989789926,0.1390120644117548,0.2,True,True
0.027603482253839594,55.0,I<=0.1,ARAMCO_FIELD_VALIDATED,1,-0.04284045757450558,-0.011743184402808915,-0.00956019615763104,0.16417086507949108,True,calcite,3,0.20701132265399666,0.11124599498267418,0.05,True,True
0.027603482253839594,55.0,I<=0.1,ARAMCO_FIELD_VALIDATED,1,-0.06012173520117137,-0.06048616441941834,0.045585828594593814,-1.2205181612384184,True,gypsum,3,-1.160396426037247,0.11124599498267418,0.05,False,False
0.027603482253839594,55.0,I<=0.1,ARAMCO_FIELD_VALIDATED,1,-0.01692859500536592,,0.0012861143944813413,-0.8811989539455927,True,silica_am,3,-0.8642703589402267,0.11124599498267418,0.05,True,True
0.027603482253839594,55.0,I<=0.1,ARAMCO_FIELD_VALIDATED,1,0.006998974144612369,0.005651750853653326,0.006929524994570002,6.514582392736654,True,hydroxyapatite,3,6.507583418592041,0.11124599498267418,0.2,True,True
0.055217234569188374,25.0,I<=0.1,ARAMCO_FIELD_VALIDATED,2,-0.02141940556107541,0.010882712981751197,-0.05331572829790154,0.2700964077622512,True,calcite,4,0.2915158133233266,0.16018316858582277,0.05,True,True
0.055217234569188374,25.0,I<=0.1,ARAMCO_FIELD_VALIDATED,2,0.004939337321185122,0.004552012287728502,-0.027267086495279536,-0.8148107704820715,True,gypsum,4,-0.8197501078032566,0.16018316858582277,0.05,True,True
0.055217234569188374,25.0,I<=0.1,ARAMCO_FIELD_VALIDATED,2,-0.006431601731848535,,-0.004645587980848465,-0.339594047753764,True,silica_am,4,-0.33316244602191547,0.16018316858582277,0.05,True,True
0.055217234569188374,25.0,I<=0.1,ARAMCO_FIELD_VALIDATED,2,-0.16013939003962818,-0.1613438710835613,-0.16013939003962818,6.006033976762438,True,hydroxyapatite,4,6.166173366802067,0.16018316858582277,0.2,True,False
0.054711224731137355,35.0,I<=0.1,ARAMCO_FIELD_VALIDATED,2,-0.03467220229822743,-0.004197796127677955,-0.045152559201392606,0.39865093519972206,True,calcite,5,0.4333231374979495,0.13651395082387074,0.05,True,True
0.054711224731137355,35.0,I<=0.1,ARAMCO_FIELD_VALIDATED,2,-0.012859611675574256,-0.01322921552788181,-0.005098207255831433,-0.8316088935909818,True,gypsum,5,-0.8187492819154075,0.13651395082387074,0.05,True,True
0.054711224731137355,35.0,I<=0.1,ARAMCO_FIELD_VALIDATED,2,-0.01137854095937868,,-0.0037608689496364534,-0.42499039897850643,True,silica_am,5,-0.41361185801912775,0.13651395082387074,0.05,True,True
0.054711224731137355,35.0,I<=0.1,ARAMCO_FIELD_VALIDATED,2,-0.11860240119373078,-0.11980400349843823,-0.11862705340740298,6.735718270864562,True,hydroxyapatite,5,6.854320672058293,0.13651395082387074,0.2,True,False
0.05422079457815814,45.0,I<=0.1,ARAMCO_FIELD_VALIDATED,2,-0.04627422327900932,-0.01600734245293034,-0.03482736533960029,0.5199030901219697,True,calcite,6,0.566177313400979,0.10723624977791618,0.05,True,True
0.05422079457815814,45.0,I<=0.1,ARAMCO_FIELD_VALIDATED,2,-0.03170849229382955,-0.03208458113134793,0.02220699594058484,-0.838652543736548,True,gypsum,6,-0.8069440514427184,0.10723624977791618,0.05,True,True
0.05422079457815814,45.0,I<=0.1,ARAMCO_FIELD_VALIDATED,2,-0.015799032014338465,,-0.00271629978201382,-0.5050184427240887,True,silica_am,6,-0.4892194107097502,0.10723624977791618,0.05,True,True
0.05422079457815814,45.0,I<=0.1,ARAMCO_FIELD_VALIDATED,2,-0.06993360472482113,-0.07123935124526248,-0.06998135942901396,7.406729424282737,True,hydroxyapatite,6,7.476663029007558,0.10723624977791618,0.2,True,False
0.05375296032354755,55.0,I<=0.1,ARAMCO_FIELD_VALIDATED,2,-0.05568426336865551,-0.024375189033028155,-0.022404001951780828,0.6359763656045718,True,calcite,7,0.6916606289732273,0.0710947098617416,0.05,False,False
0.05375296032354755,55.0,I<=0.1,ARAMCO_FIELD_VALIDATED,2,-0.05105490335833385,-0.05146029644165251,0.05465266043743178,-0.8371140795866525,True,gypsum,7,-0.7860591762283187,0.0710947098617416,0.05,False,False
0.05375296032354755,55.0,I<=0.1,ARAMCO_FIELD_VALIDATED,2,-0.0197361399290934,,-0.0015214305292459152,-0.5801689582816114,True,silica_am,7,-0.560432818352518,0.0710947098617416,0.05,True,True
0.05375296032354755,55.0,I<=0.1,ARAMCO_FIELD_VALIDATED,2,-0.014815905111792205,-0.01634543052350068,-0.01488535426183546,8.0250727245515,True,hydroxyapatite,7,8.039888629663292,0.0710947098617416,0.2,True,True
0.08156061036907951,25.0,I<=0.1,ARAMCO_FIELD_VALIDATED,3,-0.031672248051333174,5.967994479638694e-05,-0.06356857078815903,0.5434477247211964,True,calcite,8,0.5751199727725296,0.1460702752900857,0.05,True,True
0.08156061036907951,25.0,I<=0.1,ARAMCO_FIELD_VALIDATED,3,0.005948053678369591,0.005565794649395106,-0.02625837013809562,-0.5929446120352049,True,gypsum,8,-0.5988926657135745,0.1460702752900857,0.05,True,True
0.08156061036907951,25.0,I<=0.1,ARAMCO_FIELD_VALIDATED,3,-0.009546479434398958,,-0.007760465683399165,-0.16350278869808266,True,silica_am,8,-0.1539563092636837,0.1460702752900857,0.05,True,True
0.08156061036907951,25.0,I<=0.1,ARAMCO_FIELD_VALIDATED,3,-0.17910326692169676,-0.18025028764918982,-0.17910326692169676,6.89486983858481,True,hydroxyapatite,8,7.073973105506507,0.1460702752900857,0.2,True,False
0.08078470030895009,35.0,I<=0.1,ARAMCO_FIELD_VALIDATED,3,-0.044552093229054734,-0.014367393324397848,-0.05503245013222102,0.6705250274713022,True,calcite,9,0.7150771207003569,0.11826481134227079,0.05,True,True
0.08078470030895009,35.0,I<=0.1,ARAMCO_FIELD_VALIDATED,3,-0.009906483437494562,-0.010275906921620614,-0.0021450790177519607,-0.6122833618790207,True,gypsum,9,-0.6023768784415261,0.11826481134227079,0.05,True,True
0.08078470030895009,35.0,I<=0.1,ARAMCO_FIELD_VALIDATED,3,-0.014402595414835295,,-0.0067849234050929574,-0.24889913992282509,True,silica_am,9,-0.2344965445079898,0.11826481134227079,0.05,True,True
0.08078470030895009,35.0,I<=0.1,ARAMCO_FIELD_VALIDATED,3,-0.13530105059287134,-0.13647816755659825,-0.13532570280654355,7.610706588660402,True,hydroxyapatite,9,7.746007639253273,0.11826481134227079,0.2,True,False
0.08004473441557589,45.0,I<=0.1,ARAMCO_FIELD_VALIDATED,3,-0.055757906109502375,-0.02550281086581141,-0.04431104817009324,0.7902174448954886,True,calcite,10,0.845975351004991,0.08353028078074282,0.05,False,False
0.08004473441557589,45.0,I<=0.1,ARAMCO_FIELD_VALIDATED,3,-0.026728617545287547,-0.02711133364084528,0.027186870689127396,-0.6218278350360453,True,gypsum,10,-0.5950992174907578,0.08353028078074282,0.05,True,True
0.08004473441557589,45.0,I<=0.1,ARAMCO_FIELD_VALIDATED,3,-0.018724636517922277,,-0.005641904285597299,-0.32892718366840734,True,silica_am,10,-0.31020254715048506,0.08353028078074282,0.05,True,True
0.08004473441557589,45.0,I<=0.1,ARAMCO_FIELD_VALIDATED,3,-0.08462245070095342,-0.085948241741578,-0.08467020540514625,8.268677495831422,True,hydroxyapatite,10,8.353299946532376,0.08353028078074282,0.2,True,False
0.07935045542521509,55.0,I<=0.1,ARAMCO_FIELD_VALIDATED,3,-0.06478312066466796,-0.03319963388052338,-0.031502859247792614,0.9046467705929766,True,calcite,11,0.9694298912576446,0.040591941711723645,0.05,False,False
0.07935045542521509,55.0,I<=0.1,ARAMCO_FIELD_VALIDATED,3,-0.04407081869615215,-0.04449254751359033,0.061636745099613144,-0.6227485393102903,True,gypsum,11,-0.5786777206141381,0.040591941711723645,0.05,True,True
0.07935045542521509,55.0,I<=0.1,ARAMCO_FIELD_VALIDATED,3,-0.022556983937212727,,-0.004342274537365576,-0.40407769922593006,True,silica_am,11,-0.38152071528871734,0.040591941711723645,0.05,True,True
0.07935045542521509,55.0,I<=0.1,ARAMCO_FIELD_VALIDATED,3,-0.027880128152659722,-0.029494339043505846,-0.027949577302702977,8.874698449981494,True,hydroxyapatite,11,8.902578578134154,0.040591941711723645,0.2,True,True
0.10746957640952494,25.0,0.1<I<=0.5,ARAMCO_FIELD_VALIDATED,4,-0.03874845657283099,-0.007418759097029826,-0.07064477930965651,0.7356796202283702,True,calcite,12,0.7744280768012012,0.13470867589988011,0.1,True,True
0.10746957640952494,25.0,0.1<I<=0.5,ARAMCO_FIELD_VALIDATED,4,0.009143553162824836,0.008774269616131924,-0.02306287065364021,-0.4378849143544681,True,gypsum,12,-0.4470284675172929,0.13470867589988011,0.1,True,True
0.10746957640952494,25.0,0.1<I<=0.5,ARAMCO_FIELD_VALIDATED,4,-0.012639524516003,,-0.010853510765003183,-0.03856405208978275,True,silica_am,12,-0.025924527573779752,0.13470867589988011,0.1,True,True
0.10746957640952494,25.0,0.1<I<=0.5,ARAMCO_FIELD_VALIDATED,4,-0.18858363889295315,-0.1896519190082886,-0.18858363889295227,7.516988755191711,True,hydroxyapatite,12,7.7055723940846645,0.13470867589988011,0.4,True,False
0.10642865482725547,35.0,0.1<I<=0.5,ARAMCO_FIELD_VALIDATED,4,-0.05144443105958918,-0.021435760863344755,-0.06192478796275491,0.8616285174984553,True,calcite,13,0.9130729485580444,0.10337961860100942,0.1,True,True
0.10642865482725547,35.0,0.1<I<=0.5,ARAMCO_FIELD_VALIDATED,4,-0.005520103108340835,-0.005881463280609123,0.0022413013114013225,-0.45905636258710913,True,gypsum,13,-0.4535362594787683,0.10337961860100942,0.1,True,True
0.10642865482725547,35.0,0.1<I<=0.5,ARAMCO_FIELD_VALIDATED,4,-0.0174110100034143,,-0.00979333799367188,-0.12396040331452518,True,silica_am,13,-0.10654939331111088,0.10337961860100942,0.1,True,True
0.10642865482725547,35.0,0.1<I<=0.5,ARAMCO_FIELD_VALIDATED,4,-0.14368493607730493,-0.14481258071036684,-0.14370958829097802,8.223187106819633,True,hydroxyapatite,13,8.366872042896938,0.10337961860100942,0.4,True,False
0.10544725127318756,45.0,0.1<I<=0.5,ARAMCO_FIELD_VALIDATED,4,-0.062446741197158095,-0.032141952401847584,-0.050999883257748735,0.9801335620591525,True,calcite,14,1.0425803032563106,0.06401675771147308,0.1,True,True
0.10544725127318756,45.0,0.1<I<=0.5,ARAMCO_FIELD_VALIDATED,4,-0.021119920074057552,-0.021500694732498493,0.032795568160357114,-0.4703906382274985,True,gypsum,14,-0.44927071815344094,0.06401675771147308,0.1,True,True
0.10544725127318756,45.0,0.1<I<=0.5,ARAMCO_FIELD_VALIDATED,4,-0.021642478204829257,,-0.00855974597250464,-0.20398844706010744,True,silica_am,14,-0.18234596885527818,0.06401675771147308,0.1,True,True
0.10544725127318756,45.0,0.1<I<=0.5,ARAMCO_FIELD_VALIDATED,4,-0.09207008415008922,-0.09338378697592198,-0.09211783885428204,8.872129076731078,True,hydroxyapatite,14,8.964199160881167,0.06401675771147308,0.4,True,True
0.10453726004542675,55.0,0.1<I<=0.5,ARAMCO_FIELD_VALIDATED,4,-0.07126546272573431,-0.03939967202719963,-0.037985201308859295,1.0933176840968004,True,calcite,15,1.1645831468225347,0.015331927568593362,0.1,True,True
0.10453726004542675,55.0,0.1<I<=0.5,ARAMCO_FIELD_VALIDATED,4,-0.03727705917295793,-0.03770518494643588,0.06843050462280775,-0.4730589430299359,True,gypsum,15,-0.43578188385697797,0.015331927568593362,0.1,True,True
0.10453726004542675,55.0,0.1<I<=0.5,ARAMCO_FIELD_VALIDATED,4,-0.02537950376861703,,-0.007164794368769822,-0.27913896261763016,True,silica_am,15,-0.25375945884901313,0.015331927568593362,0.1,True,True
0.10453726004542675,55.0,0.1<I<=0.5,ARAMCO_FIELD_VALIDATED,4,-0.03462210746446104,-0.03627758172704354,-0.03469155661450429,9.469648655035957,True,hydroxyapatite,15,9.504270762500418,0.015331927568593362,0.4,True,True
0.13299673964675396,25.0,0.1<I<=0.5,ARAMCO_FIELD_VALIDATED,5,-0.04377073224044081,-0.012747837773803727,-0.07566705497726645,0.8845284454028963,True,calcite,16,0.9282991776433371,0.12500569520813037,0.1,True,True
0.13299673964675396,25.0,0.1<I<=0.5,ARAMCO_FIELD_VALIDATED,5,0.013629328626796777,0.013276440417022084,-0.018577095189668213,-0.31792410334117793,True,gypsum,16,-0.3315534319679747,0.12500569520813037,0.1,True,True
0.13299673964675396,25.0,0.1<I<=0.5,ARAMCO_FIELD_VALIDATED,5,-0.015714892878793824,,-0.013928879127794058,0.05834596091827349,True,silica_am,16,0.07406085379706731,0.12500569520813037,0.1,True,True
0.13299673964675396,25.0,0.1<I<=0.5,ARAMCO_FIELD_VALIDATED,5,-0.19227233748500971,-0.1932529377087402,-0.19227233748500971,7.99832354305526,True,hydroxyapatite,16,8.19059588054027,0.12500569520813037,0.4,True,False
0.1316951816140313,35.0,0.1<I<=0.5,ARAMCO_FIELD_VALIDATED,5,-0.056352429947175375,-0.02645770971684125,-0.06683278685034111,1.0095586149231588,True,calcite,17,1.0659110448703342,0.09056578149299727,0.1,True,True
0.1316951816140313,35.0,0.1<I<=0.5,ARAMCO_FIELD_VALIDATED,5,-0.0002214759737675931,-0.0005711109699742534,0.007539928445974731,-0.34054311657847425,True,gypsum,17,-0.34032164060470665,0.09056578149299727,0.1,True,True
0.1316951816140313,35.0,0.1<I<=0.5,ARAMCO_FIELD_VALIDATED,5,-0.020405984384277456,,-0.012788312374535149,-0.02705039030646894,True,silica_am,17,-0.006644405922191486,0.09056578149299727,0.1,True,True
0.1316951816140313,35.0,0.1<I<=0.5,ARAMCO_FIELD_VALIDATED,5,-0.14680105722776027,-0.14786703471211915,-0.14682570944143336,8.69708550244788,True,hydroxyapatite,17,8.84388655967564,0.09056578149299727,0.4,True,False
0.13047889060350187,45.0,0.1<I<=0.5,ARAMCO_FIELD_VALIDATED,5,-0.06721658114821949,-0.036832451862888194,-0.05576972320880991,1.127102433708112,True,calcite,18,1.1943190148563314,0.047137184735224824,0.1,True,True
0.13047889060350187,45.0,0.1<I<=0.5,ARAMCO_FIELD_VALIDATED,5,-0.014989218101503055,-0.015363773170526895,0.03892627013291161,-0.3532774380515269,True,gypsum,18,-0.33828821995002384,0.047137184735224824,0.1,True,True
0.13047889060350187,45.0,0.1<I<=0.5,ARAMCO_FIELD_VALIDATED,5,-0.024552157960944482,,-0.011469425728619864,-0.1070784340520512,True,silica_am,18,-0.08252627609110672,0.047137184735224824,0.1,True,True
0.13047889060350187,45.0,0.1<I<=0.5,ARAMCO_FIELD_VALIDATED,5,-0.09469597547588648,-0.09598024332237998,-0.09474373018007931,9.33910199820162,True,hydroxyapatite,18,9.433797973677507,0.047137184735224824,0.4,True,True
0.12936143762296073,55.0,0.1<I<=0.5,ARAMCO_FIELD_VALIDATED,5,-0.07588155701993604,-0.0437373790690021,-0.042601295603060585,1.239285340601998,True,calcite,19,1.315166897621934,-0.006572540858898357,0.1,True,True
0.12936143762296073,55.0,0.1<I<=0.5,ARAMCO_FIELD_VALIDATED,5,-0.03034478528274792,-0.030774032318829248,0.07536277851301776,-0.35729983954842925,True,gypsum,19,-0.32695505426568133,-0.006572540858898357,0.1,True,True
0.12936143762296073,55.0,0.1<I<=0.5,ARAMCO_FIELD_VALIDATED,5,-0.02820008726941814,,-0.0099853778695711,-0.18222894960957392,True,silica_am,19,-0.15402886234015578,-0.006572540858898357,0.1,True,True
0.12936143762296073,55.0,0.1<I<=0.5,ARAMCO_FIELD_VALIDATED,5,-0.03688583226018771,-0.03855761923361278,-0.03695528141022919,9.930133487122387,True,hydroxyapatite,19,9.967019319382574,-0.006572540858898357,0.4,True,True
0.15816692757970613,25.0,0.1<I<=0.5,ARAMCO_FIELD_VALIDATED,6,-0.04735328560369334,-0.016575635873914862,-0.07924960834051831,1.006412943228085,True,calcite,20,1.0537662288317784,0.11642719262263768,0.1,True,True
0.15816692757970613,25.0,0.1<I<=0.5,ARAMCO_FIELD_VALIDATED,6,0.018929014818166556,0.01859414084823488,-0.013277408998298768,-0.21952844658696513,True,gypsum,20,-0.2384574614051317,0.11642719262263768,0.1,True,True
0.15816692757970613,25.0,0.1<I<=0.5,ARAMCO_FIELD_VALIDATED,6,-0.01877522116661634,,-0.01698920741561638,0.1375272069658986,True,silica_am,20,0.15630242813251494,0.11642719262263768,0.1,True,True
0.15816692757970613,25.0,0.1<I<=0.5,ARAMCO_FIELD_VALIDATED,6,-0.19212461424519844,-0.19301344522845199,-0.19212461424519844,8.392831822843547,True,hydroxyapatite,20,8.584956437088746,0.11642719262263768,0.4,True,False
0.15660863624216484,35.0,0.1<I<=0.5,ARAMCO_FIELD_VALIDATED,6,-0.05984747346580144,-0.030028012932952874,-0.07032783036896717,1.130667083044047,True,calcite,21,1.1905145565098485,0.07917643244320527,0.1,True,True
0.15660863624216484,35.0,0.1<I<=0.5,ARAMCO_FIELD_VALIDATED,6,0.005672992419469419,0.005336999418590838,0.013434396839212326,-0.24335112157180916,True,gypsum,21,-0.24902411399127858,0.07917643244320527,0.1,True,True
0.15660863624216484,35.0,0.1<I<=0.5,ARAMCO_FIELD_VALIDATED,6,-0.02338908318882628,,-0.015771411179084094,0.05213085574115617,True,silica_am,21,0.07551993892998245,0.07917643244320527,0.1,True,True
0.15660863624216484,35.0,0.1<I<=0.5,ARAMCO_FIELD_VALIDATED,6,-0.14634483163685807,-0.14734233413970443,-0.14636948385053117,9.085510826878295,True,hydroxyapatite,21,9.231855658515153,0.07917643244320527,0.4,True,False
0.15516292413055446,45.0,0.1<I<=0.5,ARAMCO_FIELD_VALIDATED,6,-0.07059543729486184,-0.04011571486485166,-0.059148579355452036,1.2474042849411484,True,calcite,22,1.3179997222360103,0.0320916562927111,0.1,True,True
0.15516292413055446,45.0,0.1<I<=0.5,ARAMCO_FIELD_VALIDATED,6,-0.008481559168227043,-0.00884745751913324,0.045433929066187595,-0.25723699758313323,True,gypsum,22,-0.2487554384149062,0.0320916562927111,0.1,True,True
0.15516292413055446,45.0,0.1<I<=0.5,ARAMCO_FIELD_VALIDATED,6,-0.027453839906072204,,-0.014371107673747385,-0.027897188004426088,True,silica_am,22,-0.0004433480983538837,0.0320916562927111,0.1,True,True
0.15516292413055446,45.0,0.1<I<=0.5,ARAMCO_FIELD_VALIDATED,6,-0.09395516300157958,-0.0951992831028079,-0.0940029177057724,9.721899342206193,True,hydroxyapatite,22,9.815854505207772,0.0320916562927111,0.4,True,True
0.1538446263321337,55.0,0.1<I<=0.5,ARAMCO_FIELD_VALIDATED,6,-0.07911942530794924,-0.046703969559894976,-0.04583916389107401,1.358753247220105,True,calcite,23,1.4378726725280542,-0.026115719907680746,0.1,True,True
0.1538446263321337,55.0,0.1<I<=0.5,ARAMCO_FIELD_VALIDATED,6,-0.023243929730734747,-0.023671100624713753,0.08246363406503043,-0.26236079599371376,True,gypsum,23,-0.239116866262979,-0.026115719907680746,0.1,True,True
0.1538446263321337,55.0,0.1<I<=0.5,ARAMCO_FIELD_VALIDATED,6,-0.03101718969335797,,-0.012802480293510499,-0.10304770356194881,True,silica_am,23,-0.07203051386859084,-0.026115719907680746,0.1,True,True
0.1538446263321337,55.0,0.1<I<=0.5,ARAMCO_FIELD_VALIDATED,6,-0.03591826857731384,-0.037590122951783655,-0.03598771772735532,10.307690838768217,True,hydroxyapatite,23,10.34360910734553,-0.026115719907680746,0.4,True,True
0.18299430409802395,25.0,0.1<I<=0.5,ARAMCO_FIELD_VALIDATED,7,-0.04987850692335649,-0.019303154605450068,-0.08177482966018168,1.1099273507655498,True,calcite,24,1.1598058576889063,0.10866834473008002,0.1,True,True
0.18299430409802395,25.0,0.1<I<=0.5,ARAMCO_FIELD_VALIDATED,7,0.024750468313487067,0.024434371584112463,-0.007455955502978284,-0.13571852662758754,True,gypsum,24,-0.1604689949410746,0.10866834473008002,0.1,True,True
0.18299430409802395,25.0,0.1<I<=0.5,ARAMCO_FIELD_VALIDATED,7,-0.021822333347355144,,-0.020036319596355323,0.20447399659651166,True,silica_am,24,0.2262963299438668,0.10866834473008002,0.1,True,True
0.18299430409802395,25.0,0.1<I<=0.5,ARAMCO_FIELD_VALIDATED,7,-0.18933490211539628,-0.1901301437557219,-0.18933490211539628,8.728452655828278,True,hydroxyapatite,24,8.917787557943674,0.10866834473008002,0.4,True,False
0.18118291075781875,35.0,0.1<I<=0.5,ARAMCO_FIELD_VALIDATED,7,-0.06229413505436043,-0.032523782333212736,-0.07277449195752617,1.2335098860317872,True,calcite,25,1.2958040210861477,0.06883640741870584,0.1,True,True
0.18118291075781875,35.0,0.1<I<=0.5,ARAMCO_FIELD_VALIDATED,7,0.011952070524401004,0.011630777682330118,0.019713474944143883,-0.1605753120956699,True,gypsum,25,-0.1725273826200709,0.06883640741870584,0.1,True,True
0.18118291075781875,35.0,0.1<I<=0.5,ARAMCO_FIELD_VALIDATED,7,-0.02636145851997046,,-0.018743786510228233,0.11907764537176924,True,silica_am,25,0.1454391038917397,0.06883640741870584,0.1,True,True
0.18118291075781875,35.0,0.1<I<=0.5,ARAMCO_FIELD_VALIDATED,7,-0.14338561067071964,-0.1443105393416353,-0.14341026288439096,9.415968492450364,True,hydroxyapatite,25,9.559354103121084,0.06883640741870584,0.4,True,False
0.17951254474116826,45.0,0.1<I<=0.5,ARAMCO_FIELD_VALIDATED,7,-0.07293085540565825,-0.04234598794978517,-0.06148399746624822,1.3495537430532147,True,calcite,26,1.422484598458873,0.018408872566376633,0.1,True,True
0.17951254474116826,45.0,0.1<I<=0.5,ARAMCO_FIELD_VALIDATED,7,-0.001723597550573469,-0.002079343878857748,0.052191890683841,-0.17543917399515774,True,gypsum,26,-0.17371557644458427,0.018408872566376633,0.1,True,True
0.17951254474116826,45.0,0.1<I<=0.5,ARAMCO_FIELD_VALIDATED,7,-0.03034781110839782,,-0.01726507887607287,0.03904960162618698,True,silica_am,26,0.0693974127345848,0.018408872566376633,0.1,True,True
0.17951254474116826,45.0,0.1<I<=0.5,ARAMCO_FIELD_VALIDATED,7,-0.09080689091364391,-0.09200368460026276,-0.09085464561783674,10.047613363009738,True,hydroxyapatite,26,10.138420253923382,0.018408872566376633,0.4,True,True
0.1779989375093511,55.0,0.1<I<=0.5,ARAMCO_FIELD_VALIDATED,7,-0.08131224217169186,-0.04863332645275209,-0.04803198075481685,1.460191332262248,True,calcite,27,1.5415035744339398,-0.043892203329296275,0.1,True,True
0.1779989375093511,55.0,0.1<I<=0.5,ARAMCO_FIELD_VALIDATED,7,-0.01601686449923012,-0.01643986429652977,0.08969069929653539,-0.18148698196502977,True,gypsum,27,-0.16547011746579965,-0.043892203329296275,0.1,True,True
0.1779989375093511,55.0,0.1<I<=0.5,ARAMCO_FIELD_VALIDATED,7,-0.0338300543772509,,-0.015615344977403467,-0.03610091393133574,True,silica_am,27,-0.002270859554084838,-0.043892203329296275,0.1,True,True
0.1779989375093511,55.0,0.1<I<=0.5,ARAMCO_FIELD_VALIDATED,7,-0.0325891451131497,-0.03424964981977041,-0.03265859426319295,10.62901876393023,True,hydroxyapatite,27,10.66160790904338,-0.043892203329296275,0.4,True,True
0.20748848794429978,25.0,0.1<I<=0.5,ARAMCO_FIELD_VALIDATED,8,-0.05160409228690943,-0.021199421069992397,-0.0835004150237344,1.2001208023270076,True,calcite,28,1.251724894613917,0.1015372884955077,0.1,True,True
0.20748848794429978,25.0,0.1<I<=0.5,ARAMCO_FIELD_VALIDATED,8,0.03089886536026669,0.0306018586292285,-0.0013075584561983433,-0.0624434825883915,True,gypsum,28,-0.09334234794865819,0.1015372884955077,0.1,True,True
0.20748848794429978,25.0,0.1<I<=0.5,ARAMCO_FIELD_VALIDATED,8,-0.024857573493571317,,-0.023071559742571246,0.2624659435741985,True,silica_am,28,0.2873235170677698,0.1015372884955077,0.1,True,True
0.20748848794429978,25.0,0.1<I<=0.5,ARAMCO_FIELD_VALIDATED,8,-0.18469701581758002,-0.18539802280433015,-0.18469701581758002,9.02146726366567,True,hydroxyapatite,28,9.20616427948325,0.1015372884955077,0.4,True,False
0.20542752006137727,35.0,0.1<I<=0.5,ARAMCO_FIELD_VALIDATED,8,-0.06394211546604067,-0.03420218720560464,-0.07442247236920707,1.3231118994643953,True,calcite,29,1.387054014930436,0.05930670151544842,0.1,True,True
0.20542752006137727,35.0,0.1<I<=0.5,ARAMCO_FIELD_VALIDATED,8,0.018466639918106237,0.018160635167812952,0.026228044337848644,-0.08820881529038704,True,gypsum,29,-0.10667545520849328,0.05930670151544842,0.1,True,True
0.20542752006137727,35.0,0.1<I<=0.5,ARAMCO_FIELD_VALIDATED,8,-0.02932399678992259,,-0.021706324780180086,0.17706959234945607,True,silica_am,29,0.20639358913937866,0.05930670151544842,0.1,True,True
0.20542752006137727,35.0,0.1<I<=0.5,ARAMCO_FIELD_VALIDATED,8,-0.13864984639191746,-0.13949961970980773,-0.13867449860558878,9.704489725003192,True,hydroxyapatite,29,9.84313957139511,0.05930670151544842,0.4,True,False
0.20353683364437566,45.0,0.1<I<=0.5,ARAMCO_FIELD_VALIDATED,8,-0.07446547982372809,-0.04376964675570827,-0.06301862188431873,1.4385492729192917,True,calcite,30,1.5130147527430198,0.005785256961217178,0.1,True,True
0.20353683364437566,45.0,0.1<I<=0.5,ARAMCO_FIELD_VALIDATED,8,0.005182253362026615,0.004837616894242183,0.059097741596441544,-0.10392179625255782,True,gypsum,30,-0.10910404961458443,0.005785256961217178,0.1,True,True
0.20353683364437566,45.0,0.1<I<=0.5,ARAMCO_FIELD_VALIDATED,8,-0.03323437615151681,,-0.020151643919191997,0.09704154860387382,True,silica_am,30,0.13027592475539063,0.005785256961217178,0.1,True,True
0.20353683364437566,45.0,0.1<I<=0.5,ARAMCO_FIELD_VALIDATED,8,-0.085921392671791,-0.08706577327802378,-0.08596914737598382,10.332035904911976,True,hydroxyapatite,30,10.417957297583767,0.005785256961217178,0.4,True,True
0.201832725579583,55.0,0.1<I<=0.5,ARAMCO_FIELD_VALIDATED,8,-0.08269751813446113,-0.04976283715297081,-0.0494172567175859,1.5485693427230292,True,calcite,31,1.6312668608574903,-0.06028873784407357,0.1,True,True
0.201832725579583,55.0,0.1<I<=0.5,ARAMCO_FIELD_VALIDATED,8,-0.008720574195442032,-0.009137959689501665,0.0969869896003237,-0.11076156520100167,True,gypsum,31,-0.10204099100555963,-0.06028873784407357,0.1,True,True
0.201832725579583,55.0,0.1<I<=0.5,ARAMCO_FIELD_VALIDATED,8,-0.036638290626229114,,-0.01842358122638199,0.021891033046351094,True,silica_am,31,0.05852932367258021,-0.06028873784407357,0.1,True,True
0.201832725579583,55.0,0.1<I<=0.5,ARAMCO_FIELD_VALIDATED,8,-0.027526319707275704,-0.029167018315767734,-0.027595768857317182,10.909679289454232,True,hydroxyapatite,31,10.937205609161508,-0.06028873784407357,0.4,True,True
0.02740130676424672,25.0,I<=0.1,DOE_SYN_MWW_NF_COC4,1,-0.007154775167990457,0.04317004281952108,-0.039051097904815535,-0.2725535092049789,True,calcite,32,-0.26539873403698844,-0.9383099543541344,0.05,True,True
0.02740130676424672,25.0,I<=0.1,DOE_SYN_MWW_NF_COC4,1,0.0029858182186401905,0.002495913522784221,-0.0292206055978248,-1.0017787316602158,True,gypsum,32,-1.004764549878856,-0.9383099543541344,0.05,True,True
0.02740130676424672,25.0,I<=0.1,DOE_SYN_MWW_NF_COC4,1,-0.11754642341006694,-0.11908766811632798,-0.11754642341006694,6.523228242868672,True,hydroxyapatite,32,6.640774666278739,-0.9383099543541344,0.2,True,False
0.02710734650146525,35.0,I<=0.1,DOE_SYN_MWW_NF_COC4,1,-0.021710207092503195,0.024774386961914807,-0.03219056399566966,-0.1430758795023852,True,calcite,33,-0.12136567240988201,-0.9962958790230338,0.05,True,True
0.02710734650146525,35.0,I<=0.1,DOE_SYN_MWW_NF_COC4,1,-0.015351481901061503,-0.015797683333562018,-0.00759007748131868,-1.014599309554062,True,gypsum,33,-0.9992478276530005,-0.9962958790230338,0.05,True,True
0.02710734650146525,35.0,I<=0.1,DOE_SYN_MWW_NF_COC4,1,-0.08163272130248078,-0.0830773980109969,-0.08165737351615299,7.278682227057003,True,hydroxyapatite,33,7.360314948359484,-0.9962958790230338,0.2,True,False
0.026820058231721802,45.0,I<=0.1,DOE_SYN_MWW_NF_COC4,1,-0.034907388462810246,0.01013812921443873,-0.023460530523401246,-0.02076079171550127,True,calcite,34,0.014146596747308973,-1.0602069287000149,0.05,True,True
0.026820058231721802,45.0,I<=0.1,DOE_SYN_MWW_NF_COC4,1,-0.03454894777820383,-0.03497642456453365,0.019366540456211112,-1.0175044002673337,True,gypsum,34,-0.9829554524891299,-1.0602069287000149,0.05,True,True
0.026820058231721802,45.0,I<=0.1,DOE_SYN_MWW_NF_COC4,1,-0.0394302707226899,-0.040879488346453385,-0.039478025426882724,7.974081714834547,True,hydroxyapatite,34,8.013511985557237,-1.0602069287000149,0.2,True,True
0.026543199722523995,55.0,I<=0.1,DOE_SYN_MWW_NF_COC4,1,-0.04619893298990224,-0.0007754910650634994,-0.012918671573027396,0.0965327521750865,True,calcite,35,0.14273168516498874,-1.1311754591523266,0.05,True,True
0.026543199722523995,55.0,I<=0.1,DOE_SYN_MWW_NF_COC4,1,-0.0539614556156327,-0.05439026434865635,0.05174610818013292,-1.0116925182637564,True,gypsum,35,-0.9577310626481237,-1.1311754591523266,0.05,False,False
0.026543199722523995,55.0,I<=0.1,DOE_SYN_MWW_NF_COC4,1,0.008439226784943799,0.006888626862579628,0.008369777634900544,8.61565363961758,True,hydroxyapatite,35,8.607214412832636,-1.1311754591523266,0.2,True,True
0.052963692826410426,25.0,I<=0.1,DOE_SYN_MWW_NF_COC4,2,-0.02413058239848362,0.024328743009869064,-0.05602690513530817,0.20392967904786907,True,calcite,36,0.2280602614463527,-1.0342577263691777,0.05,True,True
0.052963692826410426,25.0,I<=0.1,DOE_SYN_MWW_NF_COC4,2,-0.0021249308141606527,-0.0026357513659094334,-0.0343313546306252,-0.6076773685845094,True,gypsum,36,-0.6055524377703487,-1.0342577263691777,0.05,True,True
0.052963692826410426,25.0,I<=0.1,DOE_SYN_MWW_NF_COC4,2,-0.15317252801596126,-0.15472307020810838,-0.15317252801596126,8.105225243766892,True,hydroxyapatite,36,8.258397771782853,-1.0342577263691777,0.2,True,False
0.05233848577830732,35.0,I<=0.1,DOE_SYN_MWW_NF_COC4,2,-0.03799805751173607,0.007022770494857888,-0.04847841441490175,0.3310173374521579,True,calcite,37,0.36901539496389396,-1.0998304701657007,0.05,True,True
0.05233848577830732,35.0,I<=0.1,DOE_SYN_MWW_NF_COC4,2,-0.015980891824251775,-0.016447168616782304,-0.008219487404509174,-0.6244339432300823,True,gypsum,37,-0.6084530514058305,-1.0998304701657007,0.05,True,True
0.05233848577830732,35.0,I<=0.1,DOE_SYN_MWW_NF_COC4,2,-0.11225773557880814,-0.11373921000061848,-0.11228238779247945,8.835062472526381,True,hydroxyapatite,37,8.94732020810519,-1.0998304701657007,0.2,True,False
0.05174494468640878,45.0,I<=0.1,DOE_SYN_MWW_NF_COC4,2,-0.0505040929787427,-0.0065677877865436,-0.03905723503933345,0.4508565952854564,True,calcite,38,0.5013606882641991,-1.1729135319904305,0.05,False,False
0.05174494468640878,45.0,I<=0.1,DOE_SYN_MWW_NF_COC4,2,-0.030414618233293722,-0.03086436425851702,0.02350087000112122,-0.631199269231117,True,gypsum,38,-0.6007846509978233,-1.1729135319904305,0.05,True,True
0.05174494468640878,45.0,I<=0.1,DOE_SYN_MWW_NF_COC4,2,-0.06562731112281384,-0.06715697253435238,-0.06567506582700666,9.506407542299648,True,hydroxyapatite,38,9.572034853422462,-1.1729135319904305,0.2,True,False
0.051189499336747914,55.0,I<=0.1,DOE_SYN_MWW_NF_COC4,2,-0.06118826371128505,-0.016538714428396384,-0.02790800229441004,0.5655767491742036,True,calcite,39,0.6267650128854887,-1.2547267060808287,0.05,False,False
0.051189499336747914,55.0,I<=0.1,DOE_SYN_MWW_NF_COC4,2,-0.04500057534883517,-0.045456869753512485,0.06070698844693023,-0.6291716360545125,True,gypsum,39,-0.5841710607056774,-1.2547267060808287,0.05,True,True
0.051189499336747914,55.0,I<=0.1,DOE_SYN_MWW_NF_COC4,2,-0.014185326064927395,-0.015882949673066804,-0.014254775214968873,10.125411066246933,True,hydroxyapatite,39,10.13959639231186,-1.2547267060808287,0.2,True,True
0.077801243155706,25.0,I<=0.1,DOE_SYN_MWW_NF_COC4,3,-0.03536356828063847,0.011904644953756316,-0.06725989101746421,0.4756514813611563,True,calcite,40,0.5110150496417948,-1.0908799516086802,0.05,True,True
0.077801243155706,25.0,I<=0.1,DOE_SYN_MWW_NF_COC4,3,-0.002565904591011414,-0.0030682069472892093,-0.03477232840747657,-0.38671470242338923,True,gypsum,40,-0.3841487978323778,-1.0908799516086802,0.05,True,True
0.077801243155706,25.0,I<=0.1,DOE_SYN_MWW_NF_COC4,3,-0.17222569300319535,-0.17370752477233076,-0.17222569300319535,8.993230480979669,True,hydroxyapatite,40,9.165456173982864,-1.0908799516086802,0.2,True,False
0.07685625770989311,35.0,I<=0.1,DOE_SYN_MWW_NF_COC4,3,-0.049087720525142986,-0.004973281078922143,-0.05956807742830872,0.6011599300205779,True,calcite,41,0.6502476505457209,-1.1611355395432565,0.05,True,True
0.07685625770989311,35.0,I<=0.1,DOE_SYN_MWW_NF_COC4,3,-0.0141581175635202,-0.01461858440567404,-0.006396713143777433,-0.40576529387307403,True,gypsum,41,-0.39160717630955383,-1.1611355395432565,0.05,True,True
0.07685625770989311,35.0,I<=0.1,DOE_SYN_MWW_NF_COC4,3,-0.12933669869174302,-0.1307793092487337,-0.12936135090541612,9.708945567091266,True,hydroxyapatite,41,9.83828226578301,-1.1611355395432565,0.2,True,False
0.07597398189848387,45.0,I<=0.1,DOE_SYN_MWW_NF_COC4,3,-0.061470608506750346,-0.01818395207937462,-0.050023750567341096,0.7193569212740254,True,calcite,42,0.7808275297807757,-1.2402280404480923,0.05,False,False
0.07597398189848387,45.0,I<=0.1,DOE_SYN_MWW_NF_COC4,3,-0.02627011791450723,-0.02671778681964293,0.02764537031990777,-0.41476985570344294,True,gypsum,42,-0.3884997377889357,-1.2402280404480923,0.05,True,True
0.07597398189848387,45.0,I<=0.1,DOE_SYN_MWW_NF_COC4,3,-0.08111890898661933,-0.08264692698404374,-0.08116666369081216,10.367168757925956,True,hydroxyapatite,42,10.448287666912575,-1.2402280404480923,0.2,True,False
0.07516244136348935,55.0,I<=0.1,DOE_SYN_MWW_NF_COC4,3,-0.0720867516068131,-0.02784008144738448,-0.03880649018993765,0.8323673576899155,True,calcite,43,0.9044541092967286,-1.3294735327799785,0.05,False,False
0.07516244136348935,55.0,I<=0.1,DOE_SYN_MWW_NF_COC4,3,-0.03859607006478871,-0.039055457440344665,0.06711149373097669,-0.41493212369624466,True,gypsum,43,-0.37633605363145595,-1.3294735327799785,0.05,True,True
0.07516244136348935,55.0,I<=0.1,DOE_SYN_MWW_NF_COC4,3,-0.028584859992241363,-0.030332050857358794,-0.02865430914228284,10.973942766972641,True,hydroxyapatite,43,11.002527626964882,-1.3294735327799785,0.2,True,True
0.10211146758160135,25.0,0.1<I<=0.5,DOE_SYN_MWW_NF_COC4,4,-0.04347906587074335,0.0029053720329034194,-0.07537538860756854,0.6664669470868034,True,calcite,44,0.7099460129575468,-1.131011994570206,0.1,True,True
0.10211146758160135,25.0,0.1<I<=0.5,DOE_SYN_MWW_NF_COC4,4,-0.0007663418814936318,-0.0012505246042663343,-0.03297276569795837,-0.23234544123446632,True,gypsum,44,-0.2315790993529727,-1.131011994570206,0.1,True,True
0.10211146758160135,25.0,0.1<I<=0.5,DOE_SYN_MWW_NF_COC4,4,-0.1829824173786747,-0.18437188522154635,-0.1829824173786747,9.613364737818454,True,hydroxyapatite,44,9.796347155197129,-1.131011994570206,0.4,True,False
0.1008578186793118,35.0,0.1<I<=0.5,DOE_SYN_MWW_NF_COC4,4,-0.05720059736893335,-0.01374222102931244,-0.06768095427209975,0.7907604809949875,True,calcite,45,0.8479610783639209,-1.204842104770427,0.1,True,True
0.1008578186793118,35.0,0.1<I<=0.5,DOE_SYN_MWW_NF_COC4,4,-0.010939561942767906,-0.01138559645005402,-0.0031781575230258596,-0.253040293232754,True,gypsum,45,-0.2421007312899861,-1.204842104770427,0.1,True,True
0.1008578186793118,35.0,0.1<I<=0.5,DOE_SYN_MWW_NF_COC4,4,-0.139124877600306,-0.1405031211387886,-0.13914952981397732,10.319344336521212,True,hydroxyapatite,45,10.458469214121518,-1.204842104770427,0.4,True,False
0.09970112976251631,45.0,I<=0.1,DOE_SYN_MWW_NF_COC4,4,-0.06958984849333849,-0.026751150788923428,-0.0581429905539288,0.9076985468584766,True,calcite,46,0.9772883953518151,-1.288647659673168,0.05,False,False
0.09970112976251631,45.0,I<=0.1,DOE_SYN_MWW_NF_COC4,4,-0.021620999838477373,-0.022058166952709318,0.03229448839593729,-0.2636377795453093,True,gypsum,46,-0.24201677970683194,-1.288647659673168,0.05,True,True
0.09970112976251631,45.0,I<=0.1,DOE_SYN_MWW_NF_COC4,4,-0.09017936644887925,-0.09167488329536155,-0.09022712115307208,10.968583718174639,True,hydroxyapatite,46,11.058763084623518,-1.288647659673168,0.2,True,False
0.09865030424771179,55.0,I<=0.1,DOE_SYN_MWW_NF_COC4,4,-0.08023776850056885,-0.0362372426169526,-0.04695750708369317,1.0194047961550474,True,calcite,47,1.0996425646556163,-1.3838248745792106,0.05,False,False
0.09865030424771179,55.0,I<=0.1,DOE_SYN_MWW_NF_COC4,4,-0.03258388406341814,-0.033037502558254134,0.07312367973234757,-0.2653477528216541,True,gypsum,47,-0.232763868758236,-1.3838248745792106,0.05,True,True
0.09865030424771179,55.0,I<=0.1,DOE_SYN_MWW_NF_COC4,4,-0.037216176813130275,-0.0389728047693243,-0.037285625963171753,11.567025669610675,True,hydroxyapatite,47,11.604241846423806,-1.3838248745792106,0.2,True,True
0.12596682504889264,25.0,0.1<I<=0.5,DOE_SYN_MWW_NF_COC4,5,-0.04958395639459512,-0.003904638249259018,-0.0814802791314202,0.813980367563941,True,calcite,48,0.8635643239585361,-1.1621520529108067,0.1,True,True
0.12596682504889264,25.0,0.1<I<=0.5,DOE_SYN_MWW_NF_COC4,5,0.002339527868567254,0.0018774447560458152,-0.029866895947897376,-0.11306129970005419,True,gypsum,48,-0.11540082756862144,-1.1621520529108067,0.1,True,True
0.12596682504889264,25.0,0.1<I<=0.5,DOE_SYN_MWW_NF_COC4,5,-0.1886914659305461,-0.18997960442229633,-0.1886914659305461,10.091920975337704,True,hydroxyapatite,48,10.28061244126825,-1.1621520529108067,0.4,True,False
0.12441426407104872,35.0,0.1<I<=0.5,DOE_SYN_MWW_NF_COC4,5,-0.06334385063342052,-0.02039746576169743,-0.07382420753658625,0.9372756931575026,True,calcite,49,1.000619543790923,-1.2389700757626485,0.1,True,True
0.12441426407104872,35.0,0.1<I<=0.5,DOE_SYN_MWW_NF_COC4,5,-0.00683797391973151,-0.0072658780742330675,0.0009234305000109799,-0.13504904886813307,True,gypsum,49,-0.12821107494840156,-1.2389700757626485,0.1,True,True
0.12441426407104872,35.0,0.1<I<=0.5,DOE_SYN_MWW_NF_COC4,5,-0.1443067464125356,-0.14560942550427924,-0.14433139862620692,10.79045064265572,True,hydroxyapatite,49,10.934757389068256,-1.2389700757626485,0.4,True,False
0.12299487211504845,45.0,0.1<I<=0.5,DOE_SYN_MWW_NF_COC4,5,-0.07576885787432186,-0.03326396357056449,-0.06432199993491228,1.0531856316454355,True,calcite,50,1.1289544895197574,-1.3267673721426878,0.1,True,True
0.12299487211504845,45.0,0.1<I<=0.5,DOE_SYN_MWW_NF_COC4,5,-0.016522220191467596,-0.016945079127943935,0.03739326804294674,-0.14688668407014394,True,gypsum,50,-0.13036446387867634,-1.3267673721426878,0.1,True,True
0.12299487211504845,45.0,0.1<I<=0.5,DOE_SYN_MWW_NF_COC4,5,-0.09497741158948081,-0.09642518597291527,-0.09502516629367364,11.432860808127085,True,hydroxyapatite,50,11.527838219716566,-1.3267673721426878,0.4,True,True
0.1217178858849653,55.0,0.1<I<=0.5,DOE_SYN_MWW_NF_COC4,5,-0.08645790977874857,-0.04261742170725591,-0.05317764836187333,1.163834136564744,True,calcite,51,1.2502920463434926,-1.4270053382492607,0.1,True,True
0.1217178858849653,55.0,0.1<I<=0.5,DOE_SYN_MWW_NF_COC4,5,-0.02654434839669749,-0.026987956113914774,0.07916321539906779,-0.14979009678861477,True,gypsum,51,-0.12324574839191728,-1.4270053382492607,0.1,True,True
0.1217178858849653,55.0,0.1<I<=0.5,DOE_SYN_MWW_NF_COC4,5,-0.041811347533018406,-0.04355593854961626,-0.041880796683059884,12.025003972640384,True,hydroxyapatite,51,12.066815320173403,-1.4270053382492607,0.4,True,True
0.1494023005236795,25.0,0.1<I<=0.5,DOE_SYN_MWW_NF_COC4,6,-0.0542806907904666,-0.00918905710307183,-0.08617701352729235,0.9345649991170282,True,calcite,52,0.9888456899074948,-1.1876685826800828,0.1,True,True
0.1494023005236795,25.0,0.1<I<=0.5,DOE_SYN_MWW_NF_COC4,6,0.00626718209744381,0.005828952537518261,-0.025939241719020956,-0.01538099236270174,True,gypsum,52,-0.02164817446014555,-1.1876685826800828,0.1,True,True
0.1494023005236795,25.0,0.1<I<=0.5,DOE_SYN_MWW_NF_COC4,6,-0.19106091752546206,-0.19224439687200245,-0.19106091752546206,10.483094909197998,True,hydroxyapatite,52,10.67415582672346,-1.1876685826800828,0.4,True,False
0.14755954554238127,35.0,0.1<I<=0.5,DOE_SYN_MWW_NF_COC4,6,-0.068086763897516,-0.025558424171481908,-0.07856712080068196,1.057009113558518,True,calcite,53,1.125095877456034,-1.2671088241108266,0.1,True,True
0.14755954554238127,35.0,0.1<I<=0.5,DOE_SYN_MWW_NF_COC4,6,-0.0021588650276154753,-0.002566913124728565,0.0056025393921270705,-0.03843913622519857,True,gypsum,53,-0.03628027119758309,-1.2671088241108266,0.1,True,True
0.14755954554238127,35.0,0.1<I<=0.5,DOE_SYN_MWW_NF_COC4,6,-0.1463669995304535,-0.1475887227998136,-0.14639165174412483,11.175573356170187,True,hydroxyapatite,53,11.32194035570064,-1.2671088241108266,0.4,True,False
0.1458873919827556,45.0,0.1<I<=0.5,DOE_SYN_MWW_NF_COC4,6,-0.08054631529081435,-0.0383018217691129,-0.06909945735140521,1.172048346552887,True,calcite,54,1.2525946618437014,-1.3584313833025823,0.1,True,True
0.1458873919827556,45.0,0.1<I<=0.5,DOE_SYN_MWW_NF_COC4,6,-0.011089957239594578,-0.011496590471050151,0.04282553099482023,-0.05129182963232015,True,gypsum,54,-0.040201872392725574,-1.3584313833025823,0.1,True,True
0.1458873919827556,45.0,0.1<I<=0.5,DOE_SYN_MWW_NF_COC4,6,-0.09680492154827292,-0.09819643747019136,-0.09685267625246574,11.81247435633981,True,hydroxyapatite,54,11.909279277888082,-1.3584313833025823,0.4,True,True
0.14439496950454567,55.0,0.1<I<=0.5,DOE_SYN_MWW_NF_COC4,6,-0.09126183154566037,-0.04752745361829569,-0.05798157012878491,1.2818078124067043,True,calcite,55,1.3730696439523646,-1.4631505510026812,0.1,True,True
0.14439496950454567,55.0,0.1<I<=0.5,DOE_SYN_MWW_NF_COC4,6,-0.02040246440331453,-0.020833761387146155,0.08530509939245068,-0.055160781581386154,True,gypsum,55,-0.034758317178071624,-1.4631505510026812,0.1,True,True
0.14439496950454567,55.0,0.1<I<=0.5,DOE_SYN_MWW_NF_COC4,6,-0.04351073898788371,-0.04523027279009462,-0.04358018813792697,12.399568105939906,True,hydroxyapatite,55,12.44307884492779,-1.4631505510026812,0.4,True,True
0.17243851048966682,25.0,0.1<I<=0.5,DOE_SYN_MWW_NF_COC4,7,-0.0579430301386239,-0.013355811088934022,-0.08983935287544931,1.036796820421066,True,calcite,56,1.09473985055969,-1.2093529013234012,0.1,True,True
0.17243851048966682,25.0,0.1<I<=0.5,DOE_SYN_MWW_NF_COC4,7,0.01072454706848696,0.010310884148235312,-0.021481876747977857,0.06766368096610531,True,gypsum,56,0.05693913389761835,-1.2093529013234012,0.1,True,True
0.17243851048966682,25.0,0.1<I<=0.5,DOE_SYN_MWW_NF_COC4,7,-0.19112946193412128,-0.1922075094856961,-0.19112946193412128,10.814987198164303,True,hydroxyapatite,56,11.006116660098424,-1.2093529013234012,0.4,True,False
0.1703135777596901,35.0,0.1<I<=0.5,DOE_SYN_MWW_NF_COC4,7,-0.0717906507067787,-0.02961420284854932,-0.0822710076099451,1.1584973402514507,True,calcite,57,1.2302879909582294,-1.29116371528786,0.1,True,True
0.1703135777596901,35.0,0.1<I<=0.5,DOE_SYN_MWW_NF_COC4,7,0.002896136579148688,0.002508734097134299,0.010657540998891157,0.0436902829608643,True,gypsum,57,0.040794146381715614,-1.29116371528786,0.1,True,True
0.1703135777596901,35.0,0.1<I<=0.5,DOE_SYN_MWW_NF_COC4,7,-0.14623809949764244,-0.14737627774798412,-0.14626275171131553,11.502360795092017,True,hydroxyapatite,57,11.648598894589659,-1.29116371528786,0.4,True,False
0.16839739575581403,45.0,0.1<I<=0.5,DOE_SYN_MWW_NF_COC4,7,-0.08427342319316344,-0.04223828668079954,-0.07282656525375408,1.2727812944522006,True,calcite,58,1.357054717645364,-1.3856814927830798,0.1,True,True
0.16839739575581403,45.0,0.1<I<=0.5,DOE_SYN_MWW_NF_COC4,7,-0.005432266036247281,-0.005821674961964417,0.048483222198167475,0.02998025056688558,True,gypsum,58,0.03541251660313286,-1.3856814927830798,0.1,True,True
0.16839739575581403,45.0,0.1<I<=0.5,DOE_SYN_MWW_NF_COC4,7,-0.09650777641660824,-0.0978379569595127,-0.09655553112080106,12.134646710870488,True,hydroxyapatite,58,12.231154487287096,-1.3856814927830798,0.4,True,True
0.16669862028502855,55.0,0.1<I<=0.5,DOE_SYN_MWW_NF_COC4,7,-0.09499485140048058,-0.05132999388492632,-0.06171458998360535,1.3817754762430736,True,calcite,59,1.4767703276435542,-1.4944633689988116,0.1,True,True
0.16669862028502855,55.0,0.1<I<=0.5,DOE_SYN_MWW_NF_COC4,7,-0.014173941174665569,-0.014591600733808961,0.09153362262109965,0.02530629506347104,True,gypsum,59,0.03948023623813661,-1.4944633689988116,0.1,True,True
0.16669862028502855,55.0,0.1<I<=0.5,DOE_SYN_MWW_NF_COC4,7,-0.043097802513274885,-0.044783779634054,-0.043167251663316364,12.717539242385946,True,hydroxyapatite,59,12.760637044899221,-1.4944633689988116,0.4,True,True
0.195089880584752,25.0,0.1<I<=0.5,DOE_SYN_MWW_NF_COC4,8,-0.060822078649111155,-0.016677087327632956,-0.09271840138593657,1.1257172481043671,True,calcite,60,1.1865393267534783,-1.2282662286591528,0.1,True,True
0.195089880584752,25.0,0.1<I<=0.5,DOE_SYN_MWW_NF_COC4,8,0.015519437609803594,0.015130518329439041,-0.016686986206661203,0.14012575105873903,True,gypsum,60,0.12460631344893544,-1.2282662286591528,0.1,True,True
0.195089880584752,25.0,0.1<I<=0.5,DOE_SYN_MWW_NF_COC4,8,-0.1895846743264702,-0.19055778837249981,-0.1895846743264702,11.1039935032275,True,hydroxyapatite,60,11.29357817755397,-1.2282662286591528,0.4,True,False
0.19269031864498032,35.0,0.1<I<=0.5,DOE_SYN_MWW_NF_COC4,8,-0.07470189488143841,-0.03282824407546925,-0.08518225178460437,1.2467569965035308,True,calcite,61,1.3214588913849692,-1.3122626341775878,0.1,True,True
0.19269031864498032,35.0,0.1<I<=0.5,DOE_SYN_MWW_NF_COC4,8,0.008185889198573312,0.007819430469878805,0.01594729361831604,0.11535250081847881,True,gypsum,61,0.1071666116199055,-1.3122626341775878,0.1,True,True
0.19269031864498032,35.0,0.1<I<=0.5,DOE_SYN_MWW_NF_COC4,8,-0.14455105156004322,-0.145604592786853,-0.14457570377371454,11.786948294333147,True,hydroxyapatite,61,11.93149934589319,-1.3122626341775878,0.4,True,False
0.19053799271752325,45.0,0.1<I<=0.5,DOE_SYN_MWW_NF_COC4,8,-0.08719364769906379,-0.04533042386968145,-0.07574678975965465,1.3603744110323186,True,calcite,62,1.4475680587313824,-1.4097277339760166,0.1,True,True
0.19053799271752325,45.0,0.1<I<=0.5,DOE_SYN_MWW_NF_COC4,8,0.0003614671615431997,-1.0215516588363283e-05,0.05427695539595767,0.10090270552631164,True,gypsum,62,0.10054123836476844,-1.4097277339760166,0.1,True,True
0.19053799271752325,45.0,0.1<I<=0.5,DOE_SYN_MWW_NF_COC4,8,-0.0946736874136036,-0.0959394072091424,-0.09472144211779643,12.415267391530858,True,hydroxyapatite,62,12.509941078944461,-1.4097277339760166,0.4,True,True
0.18864077585519334,55.0,0.1<I<=0.5,DOE_SYN_MWW_NF_COC4,8,-0.0979003082511889,-0.054278758582265274,-0.06462004683431388,1.4686983008837347,True,calcite,63,1.5665986091349235,-1.5222531789555578,0.1,True,True
0.18864077585519334,55.0,0.1<I<=0.5,DOE_SYN_MWW_NF_COC4,8,-0.007898191518982758,-0.008301430529325943,0.09780937227678255,0.09554372278687406,True,gypsum,63,0.10344191430585682,-1.5222531789555578,0.1,True,True
0.18864077585519334,55.0,0.1<I<=0.5,DOE_SYN_MWW_NF_COC4,8,-0.04113232175062187,-0.042778919120012304,-0.04120177090066335,12.994574435219988,True,hydroxyapatite,63,13.03570675697061,-1.5222531789555578,0.4,True,True
0.026222695621496674,25.0,I<=0.1,DOE_SYN_MWW_NF_COC4_TABLE_2_3_2,1,-0.004136336048344846,0.04661320327392937,-0.03603265878517092,-0.8666715241067706,True,calcite,64,-0.8625351880584258,-0.9725823143557845,0.05,True,True
0.026222695621496674,25.0,I<=0.1,DOE_SYN_MWW_NF_COC4_TABLE_2_3_2,1,0.004773504808226248,0.004647090993171177,-0.02743291900823852,-0.9915884474487289,True,gypsum,64,-0.9963619522569551,-0.9725823143557845,0.05,True,True
0.026222695621496674,25.0,I<=0.1,DOE_SYN_MWW_NF_COC4_TABLE_2_3_2,1,-0.10464986472860538,-0.10504665067734109,-0.10464986472860538,6.556792687861659,True,hydroxyapatite,64,6.661442552590264,-0.9725823143557845,0.2,True,False
0.025930539094958915,35.0,I<=0.1,DOE_SYN_MWW_NF_COC4_TABLE_2_3_2,1,-0.018229162113222674,0.028672742952354224,-0.028709519016388185,-0.7366173171981458,True,calcite,65,-0.7183881550849232,-1.028328350086928,0.05,True,True
0.025930539094958915,35.0,I<=0.1,DOE_SYN_MWW_NF_COC4_TABLE_2_3_2,1,-0.01300500175644792,-0.013120127959060146,-0.005243597336705541,-1.0039512614216601,True,gypsum,65,-0.9909462596652122,-1.028328350086928,0.05,True,True
0.025930539094958915,35.0,I<=0.1,DOE_SYN_MWW_NF_COC4_TABLE_2_3_2,1,-0.06682810971223319,-0.06720013590511531,-0.06685276192590539,7.3138108799278845,True,hydroxyapatite,65,7.380638989640118,-1.028328350086928,0.2,True,False
0.025645606063297053,45.0,I<=0.1,DOE_SYN_MWW_NF_COC4_TABLE_2_3_2,1,-0.030978281213918324,0.01450324706256756,-0.019531423274509407,-0.6136830963082325,True,calcite,66,-0.5827048150943142,-1.0871911314123694,0.05,True,True
0.025645606063297053,45.0,I<=0.1,DOE_SYN_MWW_NF_COC4_TABLE_2_3_2,1,-0.03158362137110815,-0.03169387324339046,0.022331866863306793,-1.0063569311724905,True,gypsum,66,-0.9747733098013823,-1.0871911314123694,0.05,True,True
0.025645606063297053,45.0,I<=0.1,DOE_SYN_MWW_NF_COC4_TABLE_2_3_2,1,-0.02280982148700339,-0.023183103940697336,-0.022857576191196216,8.010912355586303,True,hydroxyapatite,66,8.033722177073306,-1.0871911314123694,0.2,True,True
0.025371621723203605,55.0,I<=0.1,DOE_SYN_MWW_NF_COC4_TABLE_2_3_2,1,-0.04186987938108888,0.004035102027773796,-0.008589617964213758,-0.4957390951820262,True,calcite,67,-0.4538692158009373,-1.149868236545956,0.05,True,True
0.025371621723203605,55.0,I<=0.1,DOE_SYN_MWW_NF_COC4_TABLE_2_3_2,1,-0.05033231834481444,-0.050442835376599215,0.05537524545095085,-1.0000099974462993,True,gypsum,67,-0.9496776791014848,-1.149868236545956,0.05,False,False
0.025371621723203605,55.0,I<=0.1,DOE_SYN_MWW_NF_COC4_TABLE_2_3_2,1,0.026664227458985224,0.026264725184464766,0.026594778308943745,8.654284280985465,True,hydroxyapatite,67,8.62762005352648,-1.149868236545956,0.2,True,True
0.05064527355623065,25.0,I<=0.1,DOE_SYN_MWW_NF_COC4_TABLE_2_3_2,2,-0.019608990266308635,0.029355930808786124,-0.051505313003133324,-0.38787753335791386,True,calcite,68,-0.3682685430916052,-1.066928309016648,0.05,True,True
0.05064527355623065,25.0,I<=0.1,DOE_SYN_MWW_NF_COC4_TABLE_2_3_2,2,0.0003446546727379207,0.00021240514783071873,-0.031861769143727514,-0.5952776847568693,True,gypsum,68,-0.5956223394296072,-1.066928309016648,0.05,True,True
0.05064527355623065,25.0,I<=0.1,DOE_SYN_MWW_NF_COC4_TABLE_2_3_2,2,-0.1342931969253911,-0.1346937774988035,-0.1342931969253911,8.145776117113197,True,hydroxyapatite,68,8.280069314038588,-1.066928309016648,0.2,True,False
0.05002751379476736,35.0,I<=0.1,DOE_SYN_MWW_NF_COC4_TABLE_2_3_2,2,-0.032830875146775296,0.012698730594040752,-0.04331123204994114,-0.25995369169515925,True,calcite,69,-0.22712281654838395,-1.1269999679258684,0.05,True,True
0.05002751379476736,35.0,I<=0.1,DOE_SYN_MWW_NF_COC4_TABLE_2_3_2,2,-0.012704866355824906,-0.0128255461680018,-0.004943461936082194,-0.6113824117202018,True,gypsum,69,-0.5986775453643769,-1.1269999679258684,0.05,True,True
0.05002751379476736,35.0,I<=0.1,DOE_SYN_MWW_NF_COC4_TABLE_2_3_2,2,-0.09068746593334254,-0.09107045899489563,-0.09071211814701385,8.877955913103104,True,hydroxyapatite,69,8.968643379036447,-1.1269999679258684,0.2,True,False
0.049443146321122365,45.0,I<=0.1,DOE_SYN_MWW_NF_COC4_TABLE_2_3_2,2,-0.0447395986806987,-0.0002568288374623917,-0.03329274074128996,-0.13923163014126239,True,calcite,70,-0.09449203146056369,-1.1902935782638318,0.05,True,True
0.049443146321122365,45.0,I<=0.1,DOE_SYN_MWW_NF_COC4_TABLE_2_3_2,2,-0.02626255277119549,-0.026378859480799655,0.027652935463218675,-0.6174427879286997,True,gypsum,70,-0.5911802351575042,-1.1902935782638318,0.05,True,True
0.049443146321122365,45.0,I<=0.1,DOE_SYN_MWW_NF_COC4_TABLE_2_3_2,2,-0.04155982979544426,-0.041955533433673864,-0.041607584499637085,9.551817316704327,True,hydroxyapatite,70,9.59337714649977,-1.1902935782638318,0.2,True,True
0.04889839156586348,55.0,I<=0.1,DOE_SYN_MWW_NF_COC4_TABLE_2_3_2,2,-0.05492761758932792,-0.009656266960475422,-0.02164735617245306,-0.02360057295955542,True,calcite,71,0.031327044629772496,-1.257371994379536,0.05,False,False
0.04889839156586348,55.0,I<=0.1,DOE_SYN_MWW_NF_COC4_TABLE_2_3_2,2,-0.03992744856002872,-0.040045292460133775,0.06578011523573668,-0.6146670207903338,True,gypsum,71,-0.574739572230305,-1.257371994379536,0.05,True,True
0.04889839156586348,55.0,I<=0.1,DOE_SYN_MWW_NF_COC4_TABLE_2_3_2,2,0.012012411846107796,0.011572929729346981,0.01194296269606454,10.173443198799347,True,hydroxyapatite,71,10.16143078695324,-1.257371994379536,0.2,True,True
0.07438565579630838,25.0,I<=0.1,DOE_SYN_MWW_NF_COC4_TABLE_2_3_2,3,-0.02978442376505211,0.018032435668862368,-0.06168074650187805,-0.11472523820813763,True,calcite,72,-0.08494081444308552,-1.1207536978717088,0.05,True,True
0.07438565579630838,25.0,I<=0.1,DOE_SYN_MWW_NF_COC4_TABLE_2_3_2,3,0.0003053475260186844,0.00017507884431666731,-0.03190107629044636,-0.3730967082128833,True,gypsum,72,-0.373402055738902,-1.1207536978717088,0.05,True,True
0.07438565579630838,25.0,I<=0.1,DOE_SYN_MWW_NF_COC4_TABLE_2_3_2,3,-0.1491727296992451,-0.149556486618998,-0.1491727296992451,9.037699721752002,True,hydroxyapatite,72,9.186872451451247,-1.1207536978717088,0.2,True,False
0.07345678701607394,35.0,I<=0.1,DOE_SYN_MWW_NF_COC4_TABLE_2_3_2,3,-0.042749693190551066,0.0019265919886102684,-0.05323005009371684,0.011798481238056269,True,calcite,73,0.054548174428607335,-1.182795450674239,0.05,True,True
0.07345678701607394,35.0,I<=0.1,DOE_SYN_MWW_NF_COC4_TABLE_2_3_2,3,-0.010313165087007137,-0.010432514286541295,-0.002551760667264702,-0.3913520320810413,True,gypsum,73,-0.38103886699403416,-1.182795450674239,0.05,True,True
0.07345678701607394,35.0,I<=0.1,DOE_SYN_MWW_NF_COC4_TABLE_2_3_2,3,-0.10303549577462157,-0.10340945922337319,-0.10306014798829466,9.756377720607627,True,hydroxyapatite,73,9.859413216382249,-1.182795450674239,0.2,True,False
0.07259375342169876,45.0,I<=0.1,DOE_SYN_MWW_NF_COC4_TABLE_2_3_2,3,-0.05445342738128475,-0.01055149316133544,-0.04300656944187509,0.13105443903446456,True,calcite,74,0.18550786641574932,-1.2482730584896689,0.05,False,False
0.07259375342169876,45.0,I<=0.1,DOE_SYN_MWW_NF_COC4_TABLE_2_3_2,3,-0.021379786523974043,-0.021495669394410888,0.03253570171044018,-0.39950311644201086,True,gypsum,74,-0.3781233299180368,-1.2482730584896689,0.05,True,True
0.07259375342169876,45.0,I<=0.1,DOE_SYN_MWW_NF_COC4_TABLE_2_3_2,3,-0.05184981529494159,-0.05224628163360734,-0.05189756999913442,10.417743848286392,True,hydroxyapatite,74,10.469593663581334,-1.2482730584896689,0.2,True,False
0.0718040850115464,55.0,I<=0.1,DOE_SYN_MWW_NF_COC4_TABLE_2_3_2,3,-0.0645365490885918,-0.01957556101738045,-0.03125628767171662,0.24514362868021955,True,calcite,75,0.30968017776881135,-1.3177023412352993,0.05,False,False
0.0718040850115464,55.0,I<=0.1,DOE_SYN_MWW_NF_COC4_TABLE_2_3_2,3,-0.03261996983172688,-0.032738652750899044,0.07308759396403808,-0.39876671071109904,True,gypsum,75,-0.36614674087937216,-1.3177023412352993,0.05,True,True
0.0718040850115464,55.0,I<=0.1,DOE_SYN_MWW_NF_COC4_TABLE_2_3_2,3,0.0031605756296837484,0.0027067577351367333,0.00309112647964227,11.027752562995136,True,hydroxyapatite,75,11.024591987365453,-1.3177023412352993,0.2,True,True
0.09764092770238994,25.0,I<=0.1,DOE_SYN_MWW_NF_COC4_TABLE_2_3_2,4,-0.03706962075866091,0.009889846323975632,-0.06896594349548657,0.07710543477709564,True,calcite,76,0.11417505553575655,-1.1578011868113964,0.05,True,True
0.09764092770238994,25.0,I<=0.1,DOE_SYN_MWW_NF_COC4_TABLE_2_3_2,4,0.002371099543319377,0.0022454319848252413,-0.029835324273145503,-0.21795247121467476,True,gypsum,76,-0.22032357075799414,-1.1578011868113964,0.05,True,True
0.09764092770238994,25.0,I<=0.1,DOE_SYN_MWW_NF_COC4_TABLE_2_3_2,4,-0.15666127435543054,-0.15702173429843214,-0.15666127435543054,9.660393350905569,True,hydroxyapatite,76,9.817054625261,-1.1578011868113964,0.2,True,False
0.09641445773491515,35.0,I<=0.1,DOE_SYN_MWW_NF_COC4_TABLE_2_3_2,4,-0.049951149297927655,-0.005895354417033233,-0.060431506201092944,0.20255303049966678,True,calcite,77,0.25250417979759443,-1.2210596225165031,0.05,True,True
0.09641445773491515,35.0,I<=0.1,DOE_SYN_MWW_NF_COC4_TABLE_2_3_2,4,-0.006699820469721035,-0.00681548271706775,0.0010615839500216495,-0.23773454007356776,True,gypsum,77,-0.23103471960384672,-1.2210596225165031,0.05,True,True
0.09641445773491515,35.0,I<=0.1,DOE_SYN_MWW_NF_COC4_TABLE_2_3_2,4,-0.1091034518850762,-0.10946143711464273,-0.10912810409874751,10.369866487845357,True,hydroxyapatite,77,10.478969939730433,-1.2210596225165031,0.2,True,False
0.09528958220246087,45.0,I<=0.1,DOE_SYN_MWW_NF_COC4_TABLE_2_3_2,4,-0.06160875835123708,-0.0181055933911769,-0.05016190041182789,0.3206833577085231,True,calcite,78,0.38229211605976016,-1.2879775533982718,0.05,False,False
0.09528958220246087,45.0,I<=0.1,DOE_SYN_MWW_NF_COC4_TABLE_2_3_2,4,-0.016208060043617356,-0.01632121883709789,0.03770742819079764,-0.2473586853237979,True,gypsum,78,-0.23115062528018054,-1.2879775533982718,0.05,True,True
0.09528958220246087,45.0,I<=0.1,DOE_SYN_MWW_NF_COC4_TABLE_2_3_2,4,-0.056815833719527475,-0.057204712018716464,-0.0568635884237203,11.022772719751284,True,hydroxyapatite,78,11.079588553470812,-1.2879775533982718,0.2,True,False
0.09427434073449757,55.0,I<=0.1,DOE_SYN_MWW_NF_COC4_TABLE_2_3_2,4,-0.07171020433749864,-0.02692607364190802,-0.03842994292062407,0.43359187638889196,True,calcite,79,0.5053020807263906,-1.3590482463338884,0.05,False,False
0.09427434073449757,55.0,I<=0.1,DOE_SYN_MWW_NF_COC4_TABLE_2_3_2,4,-0.025963506099371675,-0.026080615639858556,0.07974405769639414,-0.24805040992215854,True,gypsum,79,-0.22208690382278687,-1.3590482463338884,0.05,True,True
0.09427434073449757,55.0,I<=0.1,DOE_SYN_MWW_NF_COC4_TABLE_2_3_2,4,-0.0011095853792202348,-0.0015669517621272888,-0.0011790345292617133,11.624950450717872,True,hydroxyapatite,79,11.626060036097092,-1.3590482463338884,0.2,True,True
0.12048217200510589,25.0,0.1<I<=0.5,DOE_SYN_MWW_NF_COC4_TABLE_2_3_2,5,-0.04247725517508166,0.003794117595423474,-0.07437357791190635,0.22539708387332347,True,calcite,80,0.26787433904840513,-1.1858060426254051,0.1,True,True
0.12048217200510589,25.0,0.1<I<=0.5,DOE_SYN_MWW_NF_COC4_TABLE_2_3_2,5,0.005669849082902162,0.005549910956817866,-0.02653657473356308,-0.09813887291998213,True,gypsum,80,-0.1038087220028843,-1.1858060426254051,0.1,True,True
0.12048217200510589,25.0,0.1<I<=0.5,DOE_SYN_MWW_NF_COC4_TABLE_2_3_2,5,-0.15962962546038284,-0.15996418798581935,-0.15962962546038284,10.140764824704181,True,hydroxyapatite,80,10.300394450164564,-1.1858060426254051,0.4,True,False
0.11896981587075182,35.0,0.1<I<=0.5,DOE_SYN_MWW_NF_COC4_TABLE_2_3_2,5,-0.055333961737059734,-0.011764654600032398,-0.06581431864022491,0.3499613380854676,True,calcite,81,0.4052952998225273,-1.249943181050516,0.1,True,True
0.11896981587075182,35.0,0.1<I<=0.5,DOE_SYN_MWW_NF_COC4_TABLE_2_3_2,5,-0.0022995355091565556,-0.002410462863631238,0.005461868910585643,-0.11911228621933123,True,gypsum,81,-0.11681275071017468,-1.249943181050516,0.1,True,True
0.11896981587075182,35.0,0.1<I<=0.5,DOE_SYN_MWW_NF_COC4_TABLE_2_3_2,5,-0.11115380206903858,-0.11149263000521081,-0.11117845428271167,10.84326058277479,True,hydroxyapatite,81,10.954414384843828,-1.249943181050516,0.4,True,False
0.11759683780686034,45.0,0.1<I<=0.5,DOE_SYN_MWW_NF_COC4_TABLE_2_3_2,5,-0.06699034439259455,-0.023783363495486487,-0.05554348645318541,0.4671717937636135,True,calcite,82,0.534162138156208,-1.3179561405041313,0.1,True,True
0.11759683780686034,45.0,0.1<I<=0.5,DOE_SYN_MWW_NF_COC4_TABLE_2_3_2,5,-0.01070691738470371,-0.010816278906331217,0.043208570849710526,-0.12987411542353122,True,gypsum,82,-0.11916719803882751,-1.3179561405041313,0.1,True,True
0.11759683780686034,45.0,0.1<I<=0.5,DOE_SYN_MWW_NF_COC4_TABLE_2_3_2,5,-0.0581633081000934,-0.058540352987520805,-0.05821106280428623,11.48979670388248,True,hydroxyapatite,82,11.547960011982573,-1.3179561405041313,0.4,True,True
0.1163711761822731,55.0,0.1<I<=0.5,DOE_SYN_MWW_NF_COC4_TABLE_2_3_2,5,-0.07713058872337308,-0.03245121029772169,-0.043850327306497405,0.5791206570913783,True,calcite,83,0.6562512458147514,-1.3903260469171799,0.1,True,True
0.1163711761822731,55.0,0.1<I<=0.5,DOE_SYN_MWW_NF_COC4_TABLE_2_3_2,5,-0.019424660044432662,-0.019539009761651058,0.08628290375133307,-0.13165823665435106,True,gypsum,83,-0.1122335766099184,-1.3903260469171799,0.1,True,True
0.1163711761822731,55.0,0.1<I<=0.5,DOE_SYN_MWW_NF_COC4_TABLE_2_3_2,5,-0.0020314012271231974,-0.0024864173080132446,-0.002100850377164676,12.086108016241987,True,hydroxyapatite,83,12.08813941746911,-1.3903260469171799,0.4,True,True
0.1429427644712156,25.0,0.1<I<=0.5,DOE_SYN_MWW_NF_COC4_TABLE_2_3_2,6,-0.04655972675460163,-0.000864965373696569,-0.07845604949142704,0.3466119587347034,True,calcite,84,0.39317168548930503,-1.2082165693370717,0.1,True,True
0.1429427644712156,25.0,0.1<I<=0.5,DOE_SYN_MWW_NF_COC4_TABLE_2_3_2,6,0.009750319275021747,0.009636640233765873,-0.02245610454144309,-7.870865822212636e-05,True,gypsum,84,-0.009829027933243873,-1.2082165693370717,0.1,True,True
0.1429427644712156,25.0,0.1<I<=0.5,DOE_SYN_MWW_NF_COC4_TABLE_2_3_2,6,-0.15958649659103585,-0.15989407037849368,-0.15958649659103585,10.533308289351506,True,hydroxyapatite,84,10.692894785942542,-1.2082165693370717,0.4,True,False
0.14115488835472828,35.0,0.1<I<=0.5,DOE_SYN_MWW_NF_COC4_TABLE_2_3_2,6,-0.05941052843220407,-0.016240298974767475,-0.06989088533537036,0.4704242344852325,True,calcite,85,0.5298347629174366,-1.2730518393765757,0.1,True,True
0.14115488835472828,35.0,0.1<I<=0.5,DOE_SYN_MWW_NF_COC4_TABLE_2_3_2,6,0.0026232113597360884,0.002517536017829919,0.010384615779478246,-0.02203183515540008,True,gypsum,85,-0.02465504651513617,-1.2730518393765757,0.1,True,True
0.14115488835472828,35.0,0.1<I<=0.5,DOE_SYN_MWW_NF_COC4_TABLE_2_3_2,6,-0.11045066295092099,-0.11076870585669063,-0.1104753151645923,11.230184675533309,True,hydroxyapatite,85,11.34063533848423,-1.2730518393765757,0.4,True,False
0.13954544413210593,45.0,0.1<I<=0.5,DOE_SYN_MWW_NF_COC4_TABLE_2_3_2,6,-0.07107355741795385,-0.0280970141106478,-0.059626699478544154,0.5868561033315522,True,calcite,86,0.6579296607495061,-1.3419686271363285,0.1,True,True
0.13954544413210593,45.0,0.1<I<=0.5,DOE_SYN_MWW_NF_COC4_TABLE_2_3_2,6,-0.004943047379375943,-0.005048046207549107,0.04897244085503871,-0.03371792907477911,True,gypsum,86,-0.028774881695403164,-1.3419686271363285,0.1,True,True
0.13954544413210593,45.0,0.1<I<=0.5,DOE_SYN_MWW_NF_COC4_TABLE_2_3_2,6,-0.05694380305622637,-0.05730655841400001,-0.0569915577604192,11.871626235036,True,hydroxyapatite,86,11.928570038092227,-1.3419686271363285,0.4,True,True
0.1381217714812876,55.0,0.1<I<=0.5,DOE_SYN_MWW_NF_COC4_TABLE_2_3_2,6,-0.08124366079268297,-0.03662453125977283,-0.04796339937580818,0.6979978900287271,True,calcite,87,0.7792415508214101,-1.4154411191996028,0.1,True,True
0.1381217714812876,55.0,0.1<I<=0.5,DOE_SYN_MWW_NF_COC4_TABLE_2_3_2,6,-0.012870080171346606,-0.012981004143943504,0.09283748362441901,-0.0363788016450135,True,gypsum,87,-0.023508721473666897,-1.4154411191996028,0.1,True,True
0.1381217714812876,55.0,0.1<I<=0.5,DOE_SYN_MWW_NF_COC4_TABLE_2_3_2,6,-0.0004882834999282437,-0.0009372889244705362,-0.0005577326499697222,12.463274180025529,True,hydroxyapatite,87,12.463762463525457,-1.4154411191996028,0.4,True,True
0.16504167156285462,25.0,0.1<I<=0.5,DOE_SYN_MWW_NF_COC4_TABLE_2_3_2,7,-0.04966111914557508,-0.0044637995778074036,-0.0815574418824001,0.4493768346689926,True,calcite,88,0.49903795381456767,-1.2268530117590501,0.1,True,True
0.16504167156285462,25.0,0.1<I<=0.5,DOE_SYN_MWW_NF_COC4_TABLE_2_3_2,7,0.014340167235730825,0.014232992858094193,-0.017866256580734152,0.0832500947221142,True,gypsum,88,0.06890992748638337,-1.2268530117590501,0.1,True,True
0.16504167156285462,25.0,0.1<I<=0.5,DOE_SYN_MWW_NF_COC4_TABLE_2_3_2,7,-0.1574522263454039,-0.1577324179263737,-0.1574522263454039,10.866292229313625,True,hydroxyapatite,88,11.02374445565903,-1.2268530117590501,0.4,True,False
0.16298769523347412,35.0,0.1<I<=0.5,DOE_SYN_MWW_NF_COC4_TABLE_2_3_2,7,-0.06250875972584458,-0.019676034985908197,-0.0729891166290102,0.5725338474189918,True,calcite,89,0.6350426071448364,-1.2922787986456181,0.1,True,True
0.16298769523347412,35.0,0.1<I<=0.5,DOE_SYN_MWW_NF_COC4_TABLE_2_3_2,7,0.007890904444369636,0.0077907427541598975,0.015652308864112285,0.0604644889049899,True,gypsum,89,0.052573584460620264,-1.2922787986456181,0.1,True,True
0.16298769523347412,35.0,0.1<I<=0.5,DOE_SYN_MWW_NF_COC4_TABLE_2_3_2,7,-0.10779633744448525,-0.10809272795609459,-0.10782098965815834,11.558465446973905,True,hydroxyapatite,89,11.66626178441839,-1.2922787986456181,0.4,True,False
0.16115196000314969,45.0,0.1<I<=0.5,DOE_SYN_MWW_NF_COC4_TABLE_2_3_2,7,-0.07417280962412431,-0.03138111096319185,-0.06272595168471451,0.6882914425928082,True,calcite,90,0.7624642522169325,-1.361981140335394,0.1,True,True
0.16115196000314969,45.0,0.1<I<=0.5,DOE_SYN_MWW_NF_COC4_TABLE_2_3_2,7,0.0010043433805594637,0.0009040226231121357,0.05491983161497416,0.04800349306394214,True,gypsum,90,0.046999149683382674,-1.361981140335394,0.1,True,True
0.16115196000314969,45.0,0.1<I<=0.5,DOE_SYN_MWW_NF_COC4_TABLE_2_3_2,7,-0.05386213246205962,-0.05420906830098993,-0.053909887166252446,12.19567415126901,True,hydroxyapatite,90,12.24953628373107,-1.361981140335394,0.4,True,True
0.15954078887841924,55.0,0.1<I<=0.5,DOE_SYN_MWW_NF_COC4_TABLE_2_3_2,7,-0.08435526751797162,-0.03976659996538856,-0.0510750061010965,0.7987389634268114,True,calcite,91,0.883094230944783,-1.4364300740810763,0.1,True,True
0.15954078887841924,55.0,0.1<I<=0.5,DOE_SYN_MWW_NF_COC4_TABLE_2_3_2,7,-0.006281685533641723,-0.006388781308298022,0.09942587826212357,0.04461776271052198,True,gypsum,91,0.0508994482441637,-1.4364300740810763,0.1,True,True
0.15954078887841924,55.0,0.1<I<=0.5,DOE_SYN_MWW_NF_COC4_TABLE_2_3_2,7,0.0028864317979167,0.0024458884233276024,0.0028169826478752213,12.783473797123328,True,hydroxyapatite,91,12.780587365325411,-1.4364300740810763,0.4,True,True
0.18679169023274367,25.0,0.1<I<=0.5,DOE_SYN_MWW_NF_COC4_TABLE_2_3_2,8,-0.05201370870988553,-0.007254633853524983,-0.0839100314467105,0.538764596535775,True,calcite,92,0.5907783052456606,-1.242786107702869,0.1,True,True
0.18679169023274367,25.0,0.1<I<=0.5,DOE_SYN_MWW_NF_COC4_TABLE_2_3_2,8,0.019259584680711955,0.019159011671610826,-0.01294683913575323,0.15593357177801082,True,gypsum,92,0.13667398709729886,-1.242786107702869,0.1,True,True
0.18679169023274367,25.0,0.1<I<=0.5,DOE_SYN_MWW_NF_COC4_TABLE_2_3_2,8,-0.15383902453716836,-0.15409179575683574,-0.15383902453716836,11.156215194853164,True,hydroxyapatite,92,11.310054219390333,-1.242786107702869,0.4,True,False
0.18448036999685924,35.0,0.1<I<=0.5,DOE_SYN_MWW_NF_COC4_TABLE_2_3_2,8,-0.06485400939030916,-0.022313083543667567,-0.07533436629347534,0.6613411896170325,True,calcite,93,0.7261951990073416,-1.3087332282255566,0.1,True,True
0.18448036999685924,35.0,0.1<I<=0.5,DOE_SYN_MWW_NF_COC4_TABLE_2_3_2,8,0.013377469842819983,0.013282947188114,0.021138874262562446,0.132424853469014,True,gypsum,93,0.11904738362619402,-1.3087332282255566,0.1,True,True
0.18448036999685924,35.0,0.1<I<=0.5,DOE_SYN_MWW_NF_COC4_TABLE_2_3_2,8,-0.10373925629194147,-0.1040135404834075,-0.10376390850561279,11.844347972526592,True,hydroxyapatite,93,11.948087228818533,-1.3087332282255566,0.4,True,False
0.182427470778692,45.0,0.1<I<=0.5,DOE_SYN_MWW_NF_COC4_TABLE_2_3_2,8,-0.07650860147590977,-0.03386839004782183,-0.06506174353649996,0.7765052055916781,True,calcite,94,0.8530138070675879,-1.3791420968784927,0.1,True,True
0.182427470778692,45.0,0.1<I<=0.5,DOE_SYN_MWW_NF_COC4_TABLE_2_3_2,8,0.007063833415235546,0.006968369175199468,0.060979321649650586,0.11930025667939947,True,gypsum,94,0.11223642326416393,-1.3791420968784927,0.1,True,True
0.182427470778692,45.0,0.1<I<=0.5,DOE_SYN_MWW_NF_COC4_TABLE_2_3_2,8,-0.04941682445823403,-0.04974694288566539,-0.04946457916242686,12.477947504374335,True,hydroxyapatite,94,12.527364328832569,-1.3791420968784927,0.4,True,True
0.18063794277538953,55.0,0.1<I<=0.5,DOE_SYN_MWW_NF_COC4_TABLE_2_3_2,8,-0.08668435007573749,-0.04210509062334378,-0.05340408865886204,0.8863456377384562,True,calcite,95,0.9730299878141937,-1.4544801284497748,0.1,True,True
0.18063794277538953,55.0,0.1<I<=0.5,DOE_SYN_MWW_NF_COC4_TABLE_2_3_2,8,0.0003220852243751987,0.00021907145300377462,0.10602964902014023,0.11530325845250378,True,gypsum,95,0.11498117322812858,-1.4544801284497748,0.1,True,True
0.18063794277538953,55.0,0.1<I<=0.5,DOE_SYN_MWW_NF_COC4_TABLE_2_3_2,8,0.007627535235680938,0.0071971827808337,0.007558086085637683,13.062489839130834,True,hydroxyapatite,95,13.054862303895153,-1.4544801284497748,0.4,True,True
0.03007572597718795,25.0,I<=0.1,DOE_SYN_MWW_COC4,1,-0.011977143651032751,0.035865857742443774,-0.043873466387858606,1.8260457547584439,True,calcite,96,1.8380228984094766,-4.933766326442792,0.05,True,True
0.03007572597718795,25.0,I<=0.1,DOE_SYN_MWW_COC4,1,0.00046299407814665017,-0.0059595414000808145,-0.03174342973831834,-1.0742187146920807,True,gypsum,96,-1.0746817087702274,-4.933766326442792,0.05,True,True
0.03007572597718795,25.0,I<=0.1,DOE_SYN_MWW_COC4,1,-0.12205686297637541,-0.14380492206669082,-0.12205686297637541,12.35462302855331,True,hydroxyapatite,96,12.476679891529685,-4.933766326442792,0.2,True,False
0.02964239486117333,35.0,I<=0.1,DOE_SYN_MWW_COC4,1,-0.024038460013835028,0.03461856313307865,-0.03451881691700098,1.9370290263920786,True,calcite,97,1.9610674864059137,-6.162577702546274,0.05,True,True
0.02964239486117333,35.0,I<=0.1,DOE_SYN_MWW_COC4,1,-0.018093496125368924,-0.028206452959924633,-0.010332091705626212,-1.1022691833549247,True,gypsum,97,-1.0841756872295558,-6.162577702546274,0.05,True,True
0.02964239486117333,35.0,I<=0.1,DOE_SYN_MWW_COC4,1,-0.0843149595197854,-0.11933273268909339,-0.0843396117334585,12.867928261140907,True,hydroxyapatite,97,12.952243220660693,-6.162577702546274,0.2,True,False
0.029212242416836887,45.0,I<=0.1,DOE_SYN_MWW_COC4,1,-0.028817054873226056,0.04052335013181119,-0.017370196933816473,2.039499983314811,True,calcite,98,2.068317038188037,-7.603090888986342,0.05,True,True
0.029212242416836887,45.0,I<=0.1,DOE_SYN_MWW_COC4,1,-0.034180239254887335,-0.049657095509287874,0.019735248979527498,-1.1215081964532878,True,gypsum,98,-1.0873279571984005,-7.603090888986342,0.05,True,True
0.029212242416836887,45.0,I<=0.1,DOE_SYN_MWW_COC4,1,-0.02308601620195816,-0.07826691417574239,-0.023133770906150986,13.318839445114257,True,hydroxyapatite,98,13.341925461316215,-7.603090888986342,0.2,True,True
0.02879688283372945,55.0,I<=0.1,DOE_SYN_MWW_COC4,1,-0.023981754233588504,0.05460546984960546,0.00929850718328673,2.1368362803406056,True,calcite,99,2.160818034574194,-9.22978319093148,0.05,True,True
0.02879688283372945,55.0,I<=0.1,DOE_SYN_MWW_COC4,1,-0.04628273097983415,-0.06908743950394736,0.059424832815930806,-1.1321229402939474,True,gypsum,99,-1.0858402093141133,-9.22978319093148,0.05,True,True
0.02879688283372945,55.0,I<=0.1,DOE_SYN_MWW_COC4,1,0.0659427083626607,-0.017992851658410913,0.06587325921261922,13.719781446341589,True,hydroxyapatite,99,13.653838737978928,-9.22978319093148,0.2,True,False
0.05786752348237494,25.0,I<=0.1,DOE_SYN_MWW_COC4,2,-0.028797694700595677,0.030822447258183505,-0.06069401743742109,2.2774775763991837,True,calcite,100,2.3062752710997794,-6.304714053543006,0.05,True,True
0.05786752348237494,25.0,I<=0.1,DOE_SYN_MWW_COC4,2,-0.003925810734529245,-0.014932247849841818,-0.036132234550994013,-0.7001924695851418,True,gypsum,100,-0.6962666588506126,-6.304714053543006,0.05,True,True
0.05786752348237494,25.0,I<=0.1,DOE_SYN_MWW_COC4,2,-0.1563791705828539,-0.19342708387732443,-0.1563791705828539,13.682307621202675,True,hydroxyapatite,100,13.838686791785529,-6.304714053543006,0.2,True,False
0.05693054666538947,35.0,I<=0.1,DOE_SYN_MWW_COC4,2,-0.03815021785689687,0.033281191670325505,-0.04863057476006283,2.3795368913443253,True,calcite,101,2.417687109201222,-7.875363976613943,0.05,True,True
0.05693054666538947,35.0,I<=0.1,DOE_SYN_MWW_COC4,2,-0.01794724643368928,-0.034907810279457885,-0.010185842013946456,-0.7372790018017579,True,gypsum,101,-0.7193317553680686,-7.875363976613943,0.05,True,True
0.05693054666538947,35.0,I<=0.1,DOE_SYN_MWW_COC4,2,-0.11025119877849576,-0.16895683188154642,-0.11027585099216708,14.150590994208454,True,hydroxyapatite,101,14.26084219298695,-7.875363976613943,0.2,True,False
0.05603719702603987,45.0,I<=0.1,DOE_SYN_MWW_COC4,2,-0.03773741531924024,0.043978195689479804,-0.02629055737983066,2.4730310337034798,True,calcite,102,2.51076844902272,-9.700875125653358,0.05,True,True
0.05603719702603987,45.0,I<=0.1,DOE_SYN_MWW_COC4,2,-0.027939209890101013,-0.05351320201188137,0.02597627834431382,-0.7655388782245813,True,gypsum,102,-0.7375996683344803,-9.700875125653358,0.05,True,True
0.05603719702603987,45.0,I<=0.1,DOE_SYN_MWW_COC4,2,-0.03348027972332801,-0.12484930412376549,-0.033528034427520836,14.560525233926235,True,hydroxyapatite,102,14.594005513649563,-9.700875125653358,0.2,True,True
0.05521085627462679,55.0,I<=0.1,DOE_SYN_MWW_COC4,2,-0.02568978423612789,0.06350077585487446,0.00759047718074779,2.5618343656828744,True,calcite,103,2.5875241499190023,-11.662843588595127,0.05,True,True
0.05521085627462679,55.0,I<=0.1,DOE_SYN_MWW_COC4,2,-0.03290818172265286,-0.06964994651500167,0.07279938207311254,-0.7847617260965016,True,gypsum,103,-0.7518535443738488,-11.662843588595127,0.05,True,True
0.05521085627462679,55.0,I<=0.1,DOE_SYN_MWW_COC4,2,0.07710808146563686,-0.05839330824625932,0.07703863231559538,14.925276278223741,True,hydroxyapatite,103,14.848168196758104,-11.662843588595127,0.2,True,False
0.08470947079953936,25.0,I<=0.1,DOE_SYN_MWW_COC4,3,-0.039274261518699394,0.02774416541426028,-0.07117058425552436,2.53206171030026,True,calcite,104,2.5713359718189595,-7.270703997089108,0.05,True,True
0.08470947079953936,25.0,I<=0.1,DOE_SYN_MWW_COC4,3,-0.00335982622208858,-0.018067623717051007,-0.035566250038553626,-0.492636788259051,True,gypsum,104,-0.4892769620369624,-7.270703997089108,0.05,True,True
0.08470947079953936,25.0,I<=0.1,DOE_SYN_MWW_COC4,3,-0.17489329133872467,-0.22433581771287692,-0.17489329133872467,14.424916915247124,True,hydroxyapatite,104,14.599810206585849,-7.270703997089108,0.2,True,False
0.0832876910442556,35.0,I<=0.1,DOE_SYN_MWW_COC4,3,-0.04679554608597547,0.03202872712054683,-0.05727590298914187,2.628251030864547,True,calcite,105,2.6750465769505225,-9.072425560253215,0.05,True,True
0.0832876910442556,35.0,I<=0.1,DOE_SYN_MWW_COC4,3,-0.014911333203273203,-0.037385017934256304,-0.0071499287835310454,-0.5354766297043563,True,gypsum,105,-0.5205652965010831,-9.072425560253215,0.05,True,True
0.0832876910442556,35.0,I<=0.1,DOE_SYN_MWW_COC4,3,-0.12375238097062002,-0.2015283630223923,-0.12377703318429312,14.867260004727608,True,hydroxyapatite,105,14.991012385698228,-9.072425560253215,0.2,True,False
0.08197202435213667,45.0,I<=0.1,DOE_SYN_MWW_COC4,3,-0.04306776788058153,0.04506732788211254,-0.031620909941171504,2.7160249814441126,True,calcite,106,2.759092749324694,-11.128748711275465,0.05,True,True
0.08197202435213667,45.0,I<=0.1,DOE_SYN_MWW_COC4,3,-0.021554735213382248,-0.055041760428089614,0.03236075302103192,-0.5693468317517896,True,gypsum,106,-0.5477920965384073,-11.128748711275465,0.05,True,True
0.08197202435213667,45.0,I<=0.1,DOE_SYN_MWW_COC4,3,-0.03764913409808024,-0.15717681012515428,-0.037696888802273065,15.253781263844846,True,hydroxyapatite,106,15.291430397942927,-11.128748711275465,0.2,True,True
0.08079235262649574,55.0,I<=0.1,DOE_SYN_MWW_COC4,3,-0.027146827672724694,0.06717218506590639,0.006133433744150096,2.7995653807579064,True,calcite,107,2.826712208430631,-13.22466045431609,0.05,True,True
0.08079235262649574,55.0,I<=0.1,DOE_SYN_MWW_COC4,3,-0.023080283400692125,-0.06997479408654039,0.08262728039507294,-0.5937800311229404,True,gypsum,107,-0.5706997477222483,-13.22466045431609,0.05,True,True
0.08079235262649574,55.0,I<=0.1,DOE_SYN_MWW_COC4,3,0.08400698645276528,-0.08859346892740483,0.0839375373027238,15.598088494152595,True,hydroxyapatite,107,15.51408150769983,-13.22466045431609,0.2,True,False
0.11084850625851327,25.0,0.1<I<=0.5,DOE_SYN_MWW_COC4,4,-0.04661744746899332,0.025770566765840996,-0.07851377020581918,2.709412433050841,True,calcite,108,2.756029880519834,-8.032186284171882,0.1,True,True
0.11084850625851327,25.0,0.1<I<=0.5,DOE_SYN_MWW_COC4,4,-0.0005583712327546508,-0.018430032775022198,-0.032764795049219586,-0.3486404528864222,True,gypsum,108,-0.34808208165366755,-8.032186284171882,0.1,True,True
0.11084850625851327,25.0,0.1<I<=0.5,DOE_SYN_MWW_COC4,4,-0.1859362401552147,-0.24595747014875258,-0.1859362401552147,14.941781119271248,True,hydroxyapatite,108,15.127717359426462,-8.032186284171882,0.4,True,False
0.10896921651401888,35.0,0.1<I<=0.5,DOE_SYN_MWW_COC4,4,-0.05259333084541984,0.03113303759371222,-0.06307368774858535,2.8011413701717123,True,calcite,109,2.853734701017132,-10.025904567541172,0.1,True,True
0.10896921651401888,35.0,0.1<I<=0.5,DOE_SYN_MWW_COC4,4,-0.010317125667551108,-0.03762604608228759,-0.002555721247808229,-0.39580628735068757,True,gypsum,109,-0.38548916168313646,-10.025904567541172,0.1,True,True
0.10896921651401888,35.0,0.1<I<=0.5,DOE_SYN_MWW_COC4,4,-0.13083675549976448,-0.22521393290007552,-0.1308614077134358,15.365483052439924,True,hydroxyapatite,109,15.496319807939688,-10.025904567541172,0.4,True,False
0.10727369132707668,45.0,0.1<I<=0.5,DOE_SYN_MWW_COC4,4,-0.0467279445717832,0.04558179260047801,-0.035281086632373615,2.884670516643478,True,calcite,110,2.9313984612152613,-12.207810426077486,0.1,True,True
0.10727369132707668,45.0,0.1<I<=0.5,DOE_SYN_MWW_COC4,4,-0.014959340310252811,-0.05493373764274445,0.03895614792416158,-0.43380947731844444,True,gypsum,110,-0.4188501370081916,-12.207810426077486,0.1,True,True
0.10727369132707668,45.0,0.1<I<=0.5,DOE_SYN_MWW_COC4,4,-0.03908319872198085,-0.18146124484860948,-0.039130953426173676,15.73533908589139,True,hydroxyapatite,110,15.77442228461337,-12.207810426077486,0.4,True,True
0.10579293895565889,55.0,0.1<I<=0.5,DOE_SYN_MWW_COC4,4,-0.028211460635382046,0.06923515600466823,0.005068800781493188,2.964395481288668,True,calcite,111,2.99260694192405,-14.379822360706555,0.1,True,True
0.10579293895565889,55.0,0.1<I<=0.5,DOE_SYN_MWW_COC4,4,-0.01428169339866997,-0.06929689236735026,0.09142587039709582,-0.46199326991245027,True,gypsum,111,-0.4477115765137803,-14.379822360706555,0.1,True,True
0.10579293895565889,55.0,0.1<I<=0.5,DOE_SYN_MWW_COC4,4,0.08974890608903685,-0.11207461349260939,0.08967945693899537,16.06525123869739,True,hydroxyapatite,111,15.975502332608352,-14.379822360706555,0.4,True,True
0.13638440070033295,25.0,0.1<I<=0.5,DOE_SYN_MWW_COC4,5,-0.052089790837240635,0.024482307157403405,-0.08398611357406605,2.8455652079834035,True,calcite,112,2.897654998820644,-8.668897373439652,0.1,True,True
0.13638440070033295,25.0,0.1<I<=0.5,DOE_SYN_MWW_COC4,5,0.003474359425263168,-0.01720318095759668,-0.02873206439120146,-0.23798827810749668,True,gypsum,112,-0.24146263753275984,-8.668897373439652,0.1,True,True
0.13638440070033295,25.0,0.1<I<=0.5,DOE_SYN_MWW_COC4,5,-0.19264922525414185,-0.2620161588415275,-0.19264922525414185,15.339117044148473,True,hydroxyapatite,112,15.531766269402615,-8.668897373439652,0.4,True,False
0.13407649567723437,35.0,0.1<I<=0.5,DOE_SYN_MWW_COC4,5,-0.056864195164584075,0.03052938831340546,-0.06734455206775003,2.9336512441574056,True,calcite,113,2.9905154393219897,-10.808840186274352,0.1,True,True
0.13407649567723437,35.0,0.1<I<=0.5,DOE_SYN_MWW_COC4,5,-0.004985675246342802,-0.03651008141869222,0.0027757291733996325,-0.28866617316829224,True,gypsum,113,-0.28368049792194944,-10.808840186274352,0.1,True,True
0.13407649567723437,35.0,0.1<I<=0.5,DOE_SYN_MWW_COC4,5,-0.13468927094666228,-0.24343295601992132,-0.1347139231603336,15.748050831830078,True,hydroxyapatite,113,15.88274010277674,-10.808840186274352,0.4,True,False
0.1320412535972494,45.0,0.1<I<=0.5,DOE_SYN_MWW_COC4,5,-0.049396243468000645,0.045913940543980125,-0.03794938552859062,3.01377939176598,True,calcite,114,3.0631756352339807,-13.0793167912752,0.1,True,True
0.1320412535972494,45.0,0.1<I<=0.5,DOE_SYN_MWW_COC4,5,-0.008191599839642127,-0.053718510086494975,0.045723888394772594,-0.329961451992995,True,gypsum,114,-0.32176985215335285,-13.0793167912752,0.1,True,True
0.1320412535972494,45.0,0.1<I<=0.5,DOE_SYN_MWW_COC4,5,-0.0388877398844194,-0.2006109479415521,-0.038935494588614006,16.104827980028446,True,hydroxyapatite,114,16.143715719912866,-13.0793167912752,0.4,True,True
0.13030593479063562,55.0,0.1<I<=0.5,DOE_SYN_MWW_COC4,5,-0.028982094661242908,0.07060618067408209,0.0042981667556318826,3.090503449027082,True,calcite,115,3.119485543688325,-15.298776363295403,0.1,True,True
0.13030593479063562,55.0,0.1<I<=0.5,DOE_SYN_MWW_COC4,5,-0.005921929576232721,-0.06776896730045046,0.09978563421953268,-0.36106892302795046,True,gypsum,115,-0.35514699345171774,-15.298776363295403,0.1,True,True
0.13030593479063562,55.0,0.1<I<=0.5,DOE_SYN_MWW_COC4,5,0.09504028933860553,-0.13100749486951102,0.09497084018856228,16.423552931610487,True,hydroxyapatite,115,16.328512642271882,-15.298776363295403,0.4,True,True
0.1613711913217427,25.0,0.1<I<=0.5,DOE_SYN_MWW_COC4,6,-0.056165314814666356,0.02363487732587055,-0.08806163755149132,2.9561346789568708,True,calcite,116,3.012299993771537,-9.244377053383142,0.1,True,True
0.1613711913217427,25.0,0.1<I<=0.5,DOE_SYN_MWW_COC4,6,0.008402737197624438,-0.014993083141172009,-0.023803686618840914,-0.147815970037672,True,gypsum,116,-0.15621870723529643,-9.244377053383142,0.1,True,True
0.1613711913217427,25.0,0.1<I<=0.5,DOE_SYN_MWW_COC4,6,-0.19608423185299628,-0.2744378982154334,-0.19608423185299628,15.662515381644567,True,hydroxyapatite,116,15.858599613497564,-9.244377053383142,0.4,True,False
0.158663655640318,35.0,0.1<I<=0.5,DOE_SYN_MWW_COC4,6,-0.060157750159473444,0.030128717789899895,-0.0706381070626394,3.0411137974779,True,calcite,117,3.1012715476373733,-11.476215467445172,0.1,True,True
0.158663655640318,35.0,0.1<I<=0.5,DOE_SYN_MWW_COC4,6,0.0007657372708781696,-0.034521907331347496,0.008527141690620965,-0.2014717913305475,True,gypsum,117,-0.20223752860142566,-11.476215467445172,0.1,True,True
0.158663655640318,35.0,0.1<I<=0.5,DOE_SYN_MWW_COC4,6,-0.13653547006709843,-0.2580043093116515,-0.13656012228076975,16.059096415638347,True,hydroxyapatite,117,16.195631885705446,-11.476215467445172,0.4,True,False
0.15632633877722674,45.0,0.1<I<=0.5,DOE_SYN_MWW_COC4,6,-0.0514330674293193,0.04616912645869364,-0.03998620948990972,3.1183880799106936,True,calcite,118,3.169821147340013,-13.812572001087357,0.1,True,True
0.15632633877722674,45.0,0.1<I<=0.5,DOE_SYN_MWW_COC4,6,-0.0013335729697125653,-0.05174624570474168,0.05258191526470224,-0.24550824351764167,True,gypsum,118,-0.2441746705479291,-13.812572001087357,0.1,True,True
0.15632633877722674,45.0,0.1<I<=0.5,DOE_SYN_MWW_COC4,6,-0.037685908713424254,-0.2162503125448012,-0.03773366341761886,16.4050303100152,True,hydroxyapatite,118,16.442716218728624,-13.812572001087357,0.4,True,True
0.15437843211825594,55.0,0.1<I<=0.5,DOE_SYN_MWW_COC4,6,-0.029554861414592182,0.0716065273109634,0.0037254000022830525,3.1926327238789636,True,calcite,119,3.2221875852935558,-16.06316180100556,0.1,True,True
0.15437843211825594,55.0,0.1<I<=0.5,DOE_SYN_MWW_COC4,6,0.0021796583097830613,-0.0656001894620534,0.10788722210554891,-0.2789997394628534,True,gypsum,119,-0.28117939777263645,-16.06316180100556,0.1,True,True
0.15437843211825594,55.0,0.1<I<=0.5,DOE_SYN_MWW_COC4,6,0.10007119824012278,-0.14672672933227204,0.10000174909007953,16.714561229877727,True,hydroxyapatite,119,16.614490031637605,-16.06316180100556,0.4,True,False
0.18584447841316107,25.0,0.1<I<=0.5,DOE_SYN_MWW_COC4,7,-0.059429217446821614,0.02307236728999218,-0.09132554018364658,3.049275001712992,True,calcite,120,3.1087042191598138,-9.753006608358728,0.1,True,True
0.18584447841316107,25.0,0.1<I<=0.5,DOE_SYN_MWW_COC4,7,0.013735876026217064,-0.012157245820182135,-0.018470547790247593,-0.07149717198087213,True,gypsum,120,-0.0852330480070892,-9.753006608358728,0.1,True,True
0.18584447841316107,25.0,0.1<I<=0.5,DOE_SYN_MWW_COC4,7,-0.1978024375228209,-0.2843640501969418,-0.1978024375228209,15.935645514953059,True,hydroxyapatite,120,16.13344795247588,-9.753006608358728,0.4,True,False
0.18276596052149202,35.0,0.1<I<=0.5,DOE_SYN_MWW_COC4,7,-0.06279513110152068,0.02985684156475843,-0.0732754880046862,3.1315276402607584,True,calcite,121,3.194322771362279,-12.059715591447718,0.1,True,True
0.18276596052149202,35.0,0.1<I<=0.5,DOE_SYN_MWW_COC4,7,0.006742848557872272,-0.03196117596668989,0.014504252977614485,-0.1277482511035899,True,gypsum,121,-0.13449109966146217,-12.059715591447718,0.1,True,True
0.18276596052149202,35.0,0.1<I<=0.5,DOE_SYN_MWW_COC4,7,-0.1370930447942733,-0.2700237362767197,-0.13711769700794463,16.321536730893282,True,hydroxyapatite,121,16.458629775687555,-12.059715591447718,0.4,True,False
0.1801619947995574,45.0,0.1<I<=0.5,DOE_SYN_MWW_COC4,7,-0.053053795010012283,0.04637269867781635,-0.041606937070603145,3.2063326990148164,True,calcite,122,3.2593864940248287,-14.446862409530159,0.1,True,True
0.1801619947995574,45.0,0.1<I<=0.5,DOE_SYN_MWW_COC4,7,0.005541299963173291,-0.049254289499422024,0.05945678819758804,-0.17413204618692202,True,gypsum,122,-0.1796733461500953,-14.446862409530159,0.1,True,True
0.1801619947995574,45.0,0.1<I<=0.5,DOE_SYN_MWW_COC4,7,-0.03586643924317556,-0.22938516515902307,-0.035914193947370165,16.65816353178098,True,hydroxyapatite,122,16.694029971024154,-14.446862409530159,0.4,True,True
0.178039898513822,55.0,0.1<I<=0.5,DOE_SYN_MWW_COC4,7,-0.030003405285155882,0.07236923102332726,0.0032768561317197964,3.278460602232327,True,calcite,123,3.308464007517483,-16.718411243510502,0.1,True,True
0.178039898513822,55.0,0.1<I<=0.5,DOE_SYN_MWW_COC4,7,0.010081380618526037,-0.06296416359505308,0.11578894441429188,-0.2096232771752531,True,gypsum,123,-0.21970465779377912,-16.718411243510502,0.1,True,True
0.178039898513822,55.0,0.1<I<=0.5,DOE_SYN_MWW_COC4,7,0.10488363959768421,-0.16009991285633518,0.10481419044764095,16.959864488793666,True,hydroxyapatite,123,16.854980849195982,-16.718411243510502,0.4,True,False
0.20983126449579695,25.0,0.1<I<=0.5,DOE_SYN_MWW_COC4,8,-0.06212460776870943,0.02268995754828751,-0.0940209305055344,3.1297714878462877,True,calcite,124,3.191896095614997,-10.210223134756067,0.1,True,True
0.20983126449579695,25.0,0.1<I<=0.5,DOE_SYN_MWW_COC4,8,0.019287820331971135,-0.008924849208577139,-0.012918603484493474,-0.005186507723799139,True,gypsum,124,-0.024474328055770274,-10.210223134756067,0.1,True,True
0.20983126449579695,25.0,0.1<I<=0.5,DOE_SYN_MWW_COC4,8,-0.19838880071691634,-0.29252856940498617,-0.19838880071691634,16.172343625455014,True,hydroxyapatite,124,16.37073242617193,-10.210223134756067,0.4,True,False
0.20640993327132554,35.0,0.1<I<=0.5,DOE_SYN_MWW_COC4,8,-0.06497993131000701,0.029657151659344905,-0.07546028821317297,3.209583317336345,True,calcite,125,3.274563248646352,-12.57934673944458,0.1,True,True
0.20640993327132554,35.0,0.1<I<=0.5,DOE_SYN_MWW_COC4,8,0.012818399195117638,-0.02902618086010276,0.02057980361486056,-0.06374166945840276,True,gypsum,125,-0.0765600686535204,-12.57934673944458,0.1,True,True
0.20640993327132554,35.0,0.1<I<=0.5,DOE_SYN_MWW_COC4,8,-0.1368176353546744,-0.28020375657188623,-0.1368422875683457,16.548769612388114,True,hydroxyapatite,125,16.685587247742788,-12.57934673944458,0.4,True,False
0.20357281759641532,45.0,0.1<I<=0.5,DOE_SYN_MWW_COC4,8,-0.05439681381919792,0.04652533721816621,-0.04294995587978878,3.282205425472166,True,calcite,126,3.336602239291364,-15.006656841703254,0.1,True,True
0.20357281759641532,45.0,0.1<I<=0.5,DOE_SYN_MWW_COC4,8,0.012375155424603185,-0.04640868766577334,0.06629064365901804,-0.11217403099902334,True,gypsum,126,-0.12454918642362653,-15.006656841703254,0.1,True,True
0.20357281759641532,45.0,0.1<I<=0.5,DOE_SYN_MWW_COC4,8,-0.03368637684624076,-0.2406814302720086,-0.03373413155043181,16.877217000497993,True,hydroxyapatite,126,16.910903377344233,-15.006656841703254,0.4,True,True
0.2013120216091812,55.0,0.1<I<=0.5,DOE_SYN_MWW_COC4,8,-0.030360482047353532,0.07295555612363014,0.0029197793695221463,3.35248386479363,True,calcite,127,3.3828443468409835,-17.294343713994778,0.1,True,True
0.2013120216091812,55.0,0.1<I<=0.5,DOE_SYN_MWW_COC4,8,0.017823185473616804,-0.059994700242391105,0.12353074926938223,-0.1493746804672611,True,gypsum,127,-0.1671978659408779,-17.294343713994778,0.1,True,True
0.2013120216091812,55.0,0.1<I<=0.5,DOE_SYN_MWW_COC4,8,0.10954436240178467,-0.17171881748706497,0.10947491325174141,17.172084761872934,True,hydroxyapatite,127,17.06254039947115,-17.294343713994778,0.4,True,False
