C4,Ca,P,S6,Si,T_C,alk,bracket,bracketed,c4eq_pct_err,c4eq_si_calcite,c4eq_si_gypsum,c4eq_si_hap,hco3_sum,lg_ca,lg_h4sio4,lg_hco3,lg_hpo4,lg_so4,lk_calcite,lk_gypsum,lk_hap,lk_silica,mu,pH,pct_err,point,si_calcite,si_gypsum,si_hap,si_silica
0.0018602659881886239,0.002644842557014,8.423624053658e-05,0.003123048094941,0.0004460422075761,25.0,0.0018101822098280415,"[1.0, 1.1]",True,0.4773698871127,-0.2366628769209,-1.218959495181,4.548421333909,0.0017220105808037024,-0.26412635315547667,0.0028270787806140766,-0.06583371712054949,-0.2687910331434379,-0.2699218646557246,-8.447933552417,-4.548708465533,-3.421,-2.711786013751,0.028270787806140764,7.4,0.18003374275164702,0,-0.20341053286473065,-1.2193283240605697,4.547225421364744,-0.6373363361939486
0.0018510585539385947,0.002644842557014,8.423624053658e-05,0.003123048094941,0.0004460422075761,35.0,0.001819102454677023,"[1.0, 1.1]",True,0.444348449779,-0.08939049346773,-1.209774372407,5.267039620999,0.0017222480099548729,-0.26697712860258876,0.002780545232912877,-0.06652203264412176,-0.2715650282369109,-0.272677246330075,-8.532554079179,-4.597117738767,-4.281004617572,-2.632221320785,0.027805452329128774,7.4,0.16151634263301945,1,-0.05835562442357661,-1.2101219190073946,5.26588180932049,-0.7176840846477883
0.001848708526147387,0.002644842557014,8.423624053659e-05,0.003123048094941,0.0004460422075761,45.0,0.001829616853143887,"[1.0, 1.1]",True,0.4214097113963,0.04750301902821,-1.189488433574,5.918398152383,0.0017223018484713549,-0.27000021052114775,0.002729402052438967,-0.06725197911496868,-0.274503723907749,-0.27559548472870776,-8.63102050676,-4.662286989514,-5.086946395756,-2.557658337262,0.027294020524389666,7.4,0.1390120644117548,2,0.07794912522250301,-1.1898352458026238,5.917190989789926,-0.7931790308493485
0.00185160919867076,0.002644842557014,8.42362405365824e-05,0.003123048094941,0.0004460422075761,55.0,0.0018421697929696034,"[1.0, 1.1]",True,0.4046427322754,0.1759140494823,-1.160031996819,6.508930641883,0.0017222351345363303,-0.27319785216395626,0.0026744474288804,-0.06802430333670038,-0.2776106904216004,-0.27868046939318836,-8.742475689895,-4.742362780561,-5.843767846152,-2.487639798872,0.026744474288804,7.4,0.11124599498267418,3,0.20701132265399666,-1.160396426037247,6.507583418592041,-0.8642703589402267
0.003713013772007928,0.005289685114028,0.0001684724810732,0.006246096189881,0.0008920844151521,25.0,0.003640160946248578,"[1.0, 1.1]",True,0.4558814630603,0.2592136947805,-0.8193627827698,6.167377847846,0.0034442254174022317,-0.33656736656228736,0.005511501717761869,-0.08410347718388499,-0.345661344396599,-0.347865945083732,-8.447933552417,-4.548708465533,-3.421,-2.711786013751,0.05511501717761869,7.4,0.16018316858582277,4,0.2915158133233266,-0.8197501078032566,6.166173366802067,-0.33316244602191547
0.0036979336289914085,0.005289685114028,0.0001684724810732,0.006246096189881,0.0008920844151521,35.0,0.0036621016280376263,"[1.0, 1.1]",True,0.4214599190004,0.4028487313274,-0.8183796780631,6.855522274363,0.003444592307079904,-0.3400731681712758,0.005407671959184506,-0.08493316957791233,-0.34899582690393377,-0.3511588956875645,-8.532554079179,-4.597117738767,-4.281004617572,-2.632221320785,0.05407671959184506,7.4,0.13651395082387074,5,0.4333231374979495,-0.8187492819154075,6.854320672058293,-0.41361185801912775
0.0036965588636008093,0.005289685114028,0.0001684724810732,0.006246096189881,0.0008920844151521,45.0,0.0036883349657334166,"[1.0, 1.1]",True,0.3959873635647,0.5359104325749,-0.8065679626052,7.477968775528,0.0034446231144874984,-0.343851033318253,0.005296893448953578,-0.08582816637877777,-0.35259090750907485,-0.3547096648886104,-8.63102050676,-4.662286989514,-5.086946395756,-2.557658337262,0.052968934489535775,7.4,0.10723624977791618,6,0.566177313400979,-0.8069440514427184,7.476663029007558,-0.4892194107097502
0.003705850940405168,0.005289685114028,0.0001684724810732,0.006246096189881,0.0008920844151521,55.0,0.00371964861311713,"[1.0, 1.1]",True,0.3757442669078,0.6603515546376,-0.785653783145,8.041418155075,0.0034444073603561104,-0.3479158207368253,0.005181266472010891,-0.08679260437054133,-0.3564649104157096,-0.35853741700446823,-8.742475689895,-4.742362780561,-5.843767846152,-2.487639798872,0.05181266472010891,7.4,0.0710947098617416,7,0.6916606289732273,-0.7860591762283187,8.039888629663292,-0.560432818352518
0.005562666033739581,0.007934527671041,0.0002527087216098,0.009369144284822,0.001338126622728,25.0,0.005480437067143973,"[1.0, 1.1]",True,0.4407504902616,0.5433880447764,-0.5985104066846,7.075120126234,0.005166514034223019,-0.3829307918732333,0.0081420081617005,-0.0959895082438783,-0.3963651053400405,-0.3996219086047124,-8.447933552417,-4.548708465533,-3.421,-2.711786013751,0.081420081617005,7.4,0.1460702752900857,8,0.5751199727725296,-0.5988926657135745,7.073973105506507,-0.1539563092636837
0.0055436690435048275,0.007934527671041,0.0002527087216098,0.009369144284822,0.001338126622728,35.0,0.005518137592759162,"[1.0, 1.1]",True,0.4049114504432,0.6848924207957,-0.6020074549574,7.747184756217,0.005166960345543071,-0.3869621404898728,0.007980852332036343,-0.09692836215196769,-0.4001305468377495,-0.4033228877706037,-8.532554079179,-4.597117738767,-4.281004617572,-2.632221320785,0.07980852332036344,7.4,0.11826481134227079,9,0.7150771207003569,-0.6023768784415261,7.746007639253273,-0.2344965445079898
0.005545262667378022,0.007934527671041,0.0002527087216098,0.009369144284822,0.001338126622728,45.0,0.005563652424607736,"[1.0, 1.1]",True,0.3770698618291,0.8157202557613,-0.5947165013952,8.354625737573,0.005166925722674928,-0.3913457311971553,0.007811481918421951,-0.09795152546925485,-0.4042346763625035,-0.4073592691299027,-8.63102050676,-4.662286989514,-5.086946395756,-2.557658337262,0.0781148191842195,7.4,0.08353028078074282,10,0.845975351004991,-0.5950992174907578,8.353299946532376,-0.31020254715048506
0.005563053299234804,0.007934527671041,0.0002527087216098,0.009369144284822,0.001338126622728,55.0,0.005618108293355142,"[1.0, 1.1]",True,0.3535978867665,0.9378464044735,-0.5782559917967,8.904192789025,0.005166505668069293,-0.39610128285414364,0.007637208344153403,-0.09906462330333324,-0.40870267662201415,-0.4117575599596894,-8.742475689895,-4.742362780561,-5.843767846152,-2.487639798872,0.07637208344153402,7.4,0.040591941711723645,11,0.9694298912576446,-0.5786777206141381,8.902578578134154,-0.38152071528871734
0.007410359279718398,0.01057937022806,0.0003369449621463,0.01249219237976,0.001784168830304,25.0,0.007328346820364894,"[1.0, 1.1]",True,0.4286831752292,0.7430983793254,-0.4466591839706,7.7066406742,0.00688884653307433,-0.41689807428721365,0.010738804524124101,-0.10485798542067026,-0.4346171017519807,-0.43891262356168304,-8.447933552417,-4.548708465533,-3.421,-2.711786013751,0.10738804524124101,7.4,0.13470867589988011,12,0.7744280768012012,-0.4470284675172929,7.7055723940846645,-0.025924527573779752
0.007388939787417756,0.01057937022806,0.0003369449621463,0.01249219237976,0.001784168830304,35.0,0.007383981440357899,"[1.0, 1.1]",True,0.3915399717649,0.8830642783618,-0.4531748993065,8.36799968753,0.006889337658235897,-0.42138462429452567,0.010521110404879788,-0.10588871650616706,-0.438744456462587,-0.4429529006245634,-8.532554079179,-4.597117738767,-4.281004617572,-2.632221320785,0.10521110404879788,7.4,0.10337961860100942,13,0.9130729485580444,-0.4535362594787683,8.366872042896938,-0.10654939331111088
0.007395034203061282,0.01057937022806,0.0003369449621463,0.01249219237976,0.001784168830304,45.0,0.007451575666936771,"[1.0, 1.1]",True,0.3615972930135,1.012275514461,-0.448889943495,8.965512863707,0.006889204751133755,-0.42628839475326075,0.01029449753906067,-0.10701914763971061,-0.4432743156927068,-0.44739211470828305,-8.63102050676,-4.662286989514,-5.086946395756,-2.557658337262,0.10294497539060671,7.4,0.06401675771147308,14,1.0425803032563106,-0.44927071815344094,8.964199160881167,-0.18234596885527818
0.007422941056214254,0.01057937022806,0.0003369449621463,0.01249219237976,0.001784168830304,55.0,0.0075325767946378885,"[1.0, 1.1]",True,0.3352957672519,1.132717356124,-0.4353537580835,9.505926236763,0.006888533806541319,-0.43163065857898075,0.010063387032769894,-0.10825557432026509,-0.44823524718306856,-0.4522606019961457,-8.742475689895,-4.742362780561,-5.843767846152,-2.487639798872,0.10063387032769895,7.4,0.015331927568593362,15,1.1645831468225347,-0.43578188385697797,9.504270762500418,-0.25375945884901313
0.009256646132569761,0.01322421278507,0.0004211812026829,0.0156152404747,0.00223021103788,25.0,0.009182530274315707,"[1.0, 1.1]",True,0.4184717738481,0.8972762831767,-0.3312005437582,8.191576480764,0.00861120917794776,-0.44345400383500116,0.013310835460404104,-0.11192964815236303,-0.46541688234473605,-0.4707412165288808,-8.447933552417,-4.548708465533,-3.421,-2.711786013751,0.13310835460404102,7.4,0.12500569520813037,16,0.9282991776433371,-0.3315534319679747,8.19059588054027,0.07406085379706731
0.009234047784322779,0.01322421278507,0.0004211812026829,0.0156152404747,0.00223021103788,35.0,0.00925794954492762,"[1.0, 1.1]",True,0.3801331462326,1.03601632464,-0.3399720056085,8.84495253716,0.008611718026798729,-0.448346984323245,0.01303749190306407,-0.11304041949577441,-0.4698588459633046,-0.47507384272452413,-8.532554079179,-4.597117738767,-4.281004617572,-2.632221320785,0.1303749190306407,7.4,0.09056578149299727,17,1.0659110448703342,-0.34032164060470665,8.84388655967564,-0.006644405922191486
0.009245921540825448,0.01322421278507,0.0004211812026829,0.0156152404747,0.00223021103788,45.0,0.00934998399124607,"[1.0, 1.1]",True,0.3483086212896,1.163934885571,-0.337913664881,9.435082241524,0.008611458723994752,-0.45371117500317826,0.012754868569863562,-0.11426367889417251,-0.4747567081434622,-0.4798586555714295,-8.63102050676,-4.662286989514,-5.086946395756,-2.557658337262,0.12754868569863562,7.4,0.047137184735224824,18,1.1943190148563314,-0.33828821995002384,9.433797973677507,-0.08252627609110672
0.00928528987158031,0.01322421278507,0.0004211812026829,0.0156152404747,0.00223021103788,55.0,0.009460374926185521,"[1.0, 1.1]",True,0.319498615609,1.283022719671,-0.3265258072296,9.968691106356,0.008610494968486954,-0.4595677888086672,0.012468410951909906,-0.1156059874216898,-0.4801406668793489,-0.4851280312600969,-8.742475689895,-4.742362780561,-5.843767846152,-2.487639798872,0.12468410951909904,7.4,-0.006572540858898357,19,1.315166897621934,-0.32695505426568133,9.967019319382574,-0.15402886234015578
0.011101853168790999,0.01586905534208,0.0005054174432195,0.01873828856964,0.002676253245456,25.0,0.011042142972393256,"[1.0, 1.1]",True,0.4095220766854,1.022988579102,-0.2381225874352,8.585845268072,0.01033359418615863,-0.46503503724262474,0.015863091722673688,-0.11779898663501075,-0.4912091385850552,-0.4975543752740965,-8.447933552417,-4.548708465533,-3.421,-2.711786013751,0.1586309172267369,7.4,0.11642719262263768,20,1.0537662288317784,-0.2384574614051317,8.584956437088746,0.15630242813251494
0.011079158711977802,0.01586905534208,0.0005054174432195,0.01873828856964,0.002676253245456,35.0,0.01113898190492276,"[1.0, 1.1]",True,0.3700801545485,1.160695095977,-0.2486881209904,9.232853161018,0.010334098114508517,-0.47029748198642624,0.015534949938095875,-0.11898092012027583,-0.4959301493842339,-0.5021441293595151,-8.532554079179,-4.597117738767,-4.281004617572,-2.632221320785,0.15534949938095874,7.4,0.07917643244320527,21,1.1905145565098485,-0.24902411399127858,9.231855658515153,0.07551993892998245
0.01109792577469385,0.01586905534208,0.0005054174432195,0.01873828856964,0.002676253245456,45.0,0.011257527293269107,"[1.0, 1.1]",True,0.3365473340963,1.287519999806,-0.248389540064,9.817098625309,0.01033368715281515,-0.476076972978991,0.015197396378623539,-0.12028620503452646,-0.5011526770037322,-0.5072316355551817,-8.63102050676,-4.662286989514,-5.086946395756,-2.557658337262,0.15197396378623537,7.4,0.0320916562927111,22,1.3179997222360103,-0.2487554384149062,9.815854505207772,-0.0004433480983538837
0.0111499230495765,0.01586905534208,0.0005054174432195,0.01873828856964,0.002676253245456,55.0,0.011399782742773002,"[1.0, 1.1]",True,0.3054797531352,1.40545721678,-0.238689695369,10.34528096172,0.010332391656335982,-0.4823938059631042,0.01485683087878432,-0.12172144846614454,-0.5069075769131166,-0.5128503092646488,-8.742475689895,-4.742362780561,-5.843767846152,-2.487639798872,0.1485683087878432,7.4,-0.026115719907680746,23,1.4378726725280542,-0.239116866262979,10.34360910734553,-0.07203051386859084
0.012946195111934858,0.0185138978991,0.0005896536837561,0.02186133666458,0.003122295453032,25.0,0.012906602188548728,"[1.0, 1.1]",True,0.4014930212846,1.129230505371,-0.1601528982117,8.918582799584,0.012055996611333839,-0.4830301251631631,0.018398743309498353,-0.12280386448895098,-0.513388051623834,-0.5207475489476382,-8.447933552417,-4.548708465533,-3.421,-2.711786013751,0.18398743309498353,7.4,0.10866834473008002,24,1.1598058576889063,-0.1604689949410746,8.917787557943674,0.2262963299438668
0.012924373938172628,0.0185138978991,0.0005896536837561,0.02186133666458,0.003122295453032,35.0,0.013026339739410702,"[1.0, 1.1]",True,0.3610248239687,1.266033668365,-0.172206089778,9.560279031792,0.01205647590267388,-0.48863265485660035,0.018016587256428004,-0.12404996742733311,-0.5183600238296926,-0.5255666587322523,-8.532554079179,-4.597117738767,-4.281004617572,-2.632221320785,0.18016587256428004,7.4,0.06883640741870584,25,1.2958040210861477,-0.1725273826200709,9.559354103121084,0.1454391038917397
0.012951031388069318,0.0185138978991,0.0005896536837561,0.02186133666458,0.003122295453032,45.0,0.013173257345620847,"[1.0, 1.1]",True,0.3259230480525,1.391899731003,-0.1733598301163,10.13961704761,0.01205588991911837,-0.49479182361656215,0.01762504920843532,-0.12542881562651925,-0.523873154810496,-0.5309231744938729,-8.63102050676,-4.662286989514,-5.086946395756,-2.557658337262,0.1762504920843532,7.4,0.018408872566376633,26,1.422484598458873,-0.17371557644458427,10.138420253923382,0.0693974127345848
0.01301669818733814,0.0185138978991,0.0005896536837561,0.02186133666458,0.003122295453032,55.0,0.013349585562745035,"[1.0, 1.1]",True,0.2927973632114,1.508824658715,-0.1650471176685,10.66326841375,0.01205422586207261,-0.5015265337022029,0.017231425427307476,-0.12694693634100812,-0.5299583856572344,-0.536850955828194,-8.742475689895,-4.742362780561,-5.843767846152,-2.487639798872,0.17231425427307476,7.4,-0.043892203329296275,27,1.5415035744339398,-0.16547011746579965,10.66160790904338,-0.002270859554084838
0.014789823185680905,0.02115874045611,0.0006738899242927,0.02498438475953,0.003568337660608,25.0,0.014775477848678593,"[1.0, 1.1]",True,0.3941689673224,1.221320223397,-0.09304534121762,9.20686528647,0.013778413067722812,-0.49831162823523734,0.020919980284357098,-0.12715592387349994,-0.5328295957043729,-0.5411975878181586,-8.447933552417,-4.548708465533,-3.421,-2.711786013751,0.20919980284357095,7.4,0.1015372884955077,28,1.251724894613917,-0.09334234794865819,9.20616427948325,0.2873235170677698
0.014769759817935291,0.02115874045611,0.0006738899242927,0.02498438475953,0.003568337660608,35.0,0.014919473626236468,"[1.0, 1.1]",True,0.3527393533252,1.35731408667,-0.1063694504582,9.843989344713,0.01377885007307189,-0.5042301670160988,0.02048452466279621,-0.12846051083524018,-0.5380296327096832,-0.5462234425748246,-8.532554079179,-4.597117738767,-4.281004617572,-2.632221320785,0.2048452466279621,7.4,0.05930670151544842,29,1.387054014930436,-0.10667545520849328,9.84313957139511,0.20639358913937866
0.014805216638746187,0.02115874045611,0.0006738899242927,0.02498438475953,0.003568337660608,45.0,0.0150964649112308,"[1.0, 1.1]",True,0.316182748922,1.482318919675,-0.1087594131468,10.41910167819,0.013778067062396183,-0.51074002462577,0.02003983563541081,-0.12990608312080335,-0.5438057534241717,-0.5518216876783287,-8.63102050676,-4.662286989514,-5.086946395756,-2.557658337262,0.2003983563541081,7.4,0.005785256961217178,30,1.5130147527430198,-0.10910404961458443,10.417957297583767,0.13027592475539063
0.014885497533025684,0.02115874045611,0.0006738899242927,0.02498438475953,0.003568337660608,55.0,0.015308871208361568,"[1.0, 1.1]",True,0.2811610579251,1.598332179876,-0.1016236055115,10.93884630777,0.013775999211782936,-0.5178584414095138,0.019594057436750495,-0.13149901383941304,-0.5501886361801599,-0.5580262591548664,-8.742475689895,-4.742362780561,-5.843767846152,-2.487639798872,0.19594057436750498,7.4,-0.06028873784407357,31,1.6312668608574903,-0.10204099100555963,10.937205609161508,0.05852932367258021
0.0018002226135168432,0.004,0.00048,0.0035,0.0,25.0,0.0019727060926922725,"[1.1, 1.25]",True,-0.488939288111,-0.3157235520245,-1.004274645183,6.642315910985,0.0016018776817078072,-0.26135876717231554,0.0,-0.06514037472192136,-0.2658964946109881,-0.2669965497476122,-8.447933552417,-4.548708465533,-3.421,-2.711786013751,0.027501378416301948,7.2,-0.9383099543541344,32,-0.26539873403698844,-1.004764549878856,6.640774666278739,-99.99
0.0017835847452264335,0.004,0.00048,0.0035,0.0,35.0,0.001989236201694295,"[1.1, 1.25]",True,-0.5729241968077,-0.1678502664643,-0.9988016262205,7.361759625068,0.0016011997794658402,-0.26346883811328425,0.0,-0.0656439744813543,-0.26790078390587185,-0.2689751950071171,-8.532554079179,-4.597117738767,-4.281004617572,-2.632221320785,0.02686027753075393,7.2,-0.9962958790230338,33,-0.12136567240988201,-0.9992478276530005,7.360314948359484,-99.99
0.0017774294456050022,0.004,0.00048,0.0035,0.0,45.0,0.0020067926085970324,"[1.1, 1.25]",True,-0.6411326398406,-0.03089892092994,-0.9825279757028,8.014961203181,0.0016009138987441427,-0.265675052073603,0.0,-0.06617056054359062,-0.26999278566860285,-0.27103950896429707,-8.63102050676,-4.662286989514,-5.086946395756,-2.557658337262,0.026168082393596272,7.2,-1.0602069287000149,34,0.014146596747308973,-0.9829554524891299,8.013511985557237,-99.99
0.0017792361754491101,0.004,0.00048,0.0035,0.0,55.0,0.002025730411100357,"[1.1, 1.25]",True,-0.6985363631339,0.09730824324015,-0.9573022539151,8.608765012755,0.0016009998510952857,-0.2679897956433049,0.0,-0.06672347299776152,-0.2721870418817173,-0.27320455612130573,-8.742475689895,-4.742362780561,-5.843767846152,-2.487639798872,0.02543785599040805,7.2,-1.1311754591523266,35,0.14273168516498874,-0.9577310626481237,8.607214412832636,-99.99
0.003584782117924586,0.008,0.00096,0.007,0.0,25.0,0.004002113747450355,"[1.1, 1.25]",True,-0.5892710080397,0.179600936038,-0.6050416172186,8.259948313975,0.0032031517589086703,-0.3323864868308938,0.0,-0.0830408168665058,-0.34115661898416366,-0.34328271162738017,-8.447933552417,-4.548708465533,-3.421,-2.711786013751,0.05315231608011245,7.2,-1.0342577263691777,36,0.2280602614463527,-0.6055524377703487,8.258397771782853,-99.99
0.0035550568015631744,0.008,0.00096,0.007,0.0,35.0,0.004037156424023486,"[1.1, 1.25]",True,-0.6769441656654,0.3239945669573,-0.6079867746133,8.948801682527,0.0032018374217675726,-0.33490716280210037,0.0,-0.08362252148061478,-0.3434436017277276,-0.3455130414673146,-8.532554079179,-4.597117738767,-4.281004617572,-2.632221320785,0.051735993488737045,7.2,-1.0998304701657007,37,0.36901539496389396,-0.6084530514058305,8.94732020810519,-99.99
0.0035459485073206383,0.008,0.00096,0.007,0.0,45.0,0.004075246551924702,"[1.1, 1.25]",True,-0.7499218119768,0.457424383072,-0.6003349049726,9.573564514834,0.0032013902017826996,-0.3376232318622991,0.0,-0.08425111992533513,-0.34591495338620515,-0.34792506769504633,-8.63102050676,-4.662286989514,-5.086946395756,-2.557658337262,0.050252857720649205,7.2,-1.1729135319904305,38,0.5013606882641991,-0.6007846509978233,9.572034853422462,-99.99
0.0035526773957108015,0.008,0.00096,0.007,0.0,55.0,0.004117187524127382,"[1.1, 1.25]",True,-0.8130431565755,0.5821154636026,-0.583714766301,10.14129401592,0.0032017228492419126,-0.3405655164564192,0.0,-0.0849348824510157,-0.3486066790834495,-0.3505560518415178,-8.742475689895,-4.742362780561,-5.843767846152,-2.487639798872,0.04873431895171425,7.2,-1.2547267060808287,39,0.6267650128854887,-0.5841710607056774,10.13959639231186,-99.99
0.005362013148636102,0.012,0.00144,0.0105,0.0,25.0,0.006051354456935767,"[1.1, 1.25]",True,-0.6495534113162,0.4637468364074,-0.3836464954761,9.166938005752,0.004804094724675341,-0.3779469137138439,0.0,-0.09470133584671725,-0.39084032525253787,-0.3939660007770344,-8.447933552417,-4.548708465533,-3.421,-2.711786013751,0.07814188811350353,7.2,-1.0908799516086802,40,0.5110150496417948,-0.3841487978323778,9.165456173982864,-99.99
0.005321228189152568,0.012,0.00144,0.0105,0.0,35.0,0.006106166477777203,"[1.1, 1.25]",True,-0.7391823486536,0.6061332110995,-0.3911467094674,9.83972487634,0.004802200741308122,-0.3808716717419535,0.0,-0.0953584930966085,-0.39340378640411633,-0.3964418748070015,-8.532554079179,-4.597117738767,-4.281004617572,-2.632221320785,0.07595221007350954,7.2,-1.1611355395432565,41,0.6502476505457209,-0.39160717630955383,9.83828226578301,-99.99
0.005311062787884961,0.012,0.00144,0.0105,0.0,45.0,0.00616693195426516,"[1.1, 1.25]",True,-0.8150752562938,0.7375408733534,-0.3880520688838,10.44981568491,0.004801685115075083,-0.3840748710913093,0.0,-0.09608267469649523,-0.39623449902890073,-0.39918228761978825,-8.63102050676,-4.662286989514,-5.086946395756,-2.557658337262,0.07369471477304766,7.2,-1.2402280404480923,42,0.7808275297807757,-0.3884997377889357,10.448287666912575,-99.99
0.0053246062303455586,0.012,0.00144,0.0105,0.0,55.0,0.00623494060758818,"[1.1, 1.25]",True,-0.8820181508323,0.8602074391373,-0.3758766662559,11.00427481783,0.0048023687470647655,-0.38759480905813426,0.0,-0.09688438024540486,-0.3993786801353304,-0.4022353761541126,-8.742475689895,-4.742362780561,-5.843767846152,-2.487639798872,0.07141740046803187,7.2,-1.3294735327799785,43,0.9044541092967286,-0.37633605363145595,11.002527626964882,-99.99
0.007134220138101432,0.016,0.00192,0.014,0.0,25.0,0.008112927667113544,"[1.1, 1.25]",True,-0.6928073201733,0.6635615750539,-0.2310949166302,9.79773662304,0.006404794422076255,-0.4114198922015655,0.0,-0.10341585950403262,-0.4283699092673235,-0.432479004313619,-8.447933552417,-4.548708465533,-3.421,-2.711786013751,0.10272737615626236,7.2,-1.131011994570206,44,0.7099460129575468,-0.2315790993529727,9.796347155197129,-99.99
0.007083912469184031,0.016,0.00192,0.014,0.0,35.0,0.008188706024191248,"[1.1, 1.25]",True,-0.7838137202626,0.8045027020243,-0.2416546967827,10.45984745766,0.006402375093982818,-0.4147331171924734,0.0,-0.10414422039856559,-0.43119606689376344,-0.4351870850031552,-8.532554079179,-4.597117738767,-4.281004617572,-2.632221320785,0.09977545273518144,7.2,-1.204842104770427,45,0.8479610783639209,-0.2421007312899861,10.458469214121518,-99.99
0.007074146955853394,0.016,0.00192,0.014,0.0,45.0,0.008274022904073053,"[1.1, 1.25]",True,-0.8619185937163,0.9344496976474,-0.2415796125926,11.06025860147,0.00640186840837146,-0.4183927387468752,0.0,-0.10495618707455803,-0.43435853337251323,-0.4382290290393323,-8.63102050676,-4.662286989514,-5.086946395756,-2.557658337262,0.09676239167043742,7.2,-1.288647659673168,46,0.9772883953518151,-0.24201677970683194,11.058763084623518,-99.99
0.007095969649804892,0.016,0.001920000000001,0.014,0.0,55.0,0.008370661917932065,"[1.1, 1.25]",True,-0.9318720710564,1.055642038772,-0.2323102502634,11.60599847438,0.006402984963276529,-0.42243987459561244,0.0,-0.1058633313539498,-0.43790881372104157,-0.4416588595696624,-8.742475689895,-4.742362780561,-5.843767846152,-2.487639798872,0.09375114621477913,7.2,-1.3838248745792106,47,1.0996425646556163,-0.232763868758236,11.604241846423806,-99.99
0.008902567361032943,0.02,0.0024,0.0175,0.0,25.0,0.010183554868613732,"[1.1, 1.25]",True,-0.7266627441331,0.8178850058132,-0.1149387444561,10.28190057976,0.008005298305639539,-0.4376660670826615,0.0,-0.11037573291710484,-0.4586243649543101,-0.4637051644384004,-8.447933552417,-4.548708465533,-3.421,-2.711786013751,0.12701998710075785,7.2,-1.1621520529108067,48,0.8635643239585361,-0.11540082756862144,10.28061244126825,-99.99
0.008844011633408581,0.02,0.0024,0.0175,0.0,35.0,0.010281428578022405,"[1.1, 1.25]",True,-0.8187707470877,0.9576731589192,-0.1277831707939,10.93606006816,0.008002404997147182,-0.44134920780152403,0.0,-0.11117061399408866,-0.46169666098416035,-0.46662937690728074,-8.532554079179,-4.597117738767,-4.281004617572,-2.632221320785,0.12331789807681647,7.2,-1.2389700757626485,49,1.000619543790923,-0.12821107494840156,10.934757389068256,-99.99
0.008835864240976671,0.02,0.0024,0.0175,0.0,45.0,0.010392981245276187,"[1.1, 1.25]",True,-0.8987153750806,1.086449595216,-0.1299416049422,11.5292859941,0.008001974986966864,-0.4454352911649645,0.0,-0.11206300480708255,-0.4651636981165243,-0.4699463422260296,-8.63102050676,-4.662286989514,-5.086946395756,-2.557658337262,0.11956610273702682,7.2,-1.3267673721426878,50,1.1289544895197574,-0.13036446387867634,11.527838219716566,-99.99
0.008867194183852857,0.02,0.0024,0.0175,0.0,55.0,0.010520485923773797,"[1.1, 1.25]",True,-0.9712164081835,1.206451558272,-0.1228021406747,12.06855991119,0.008003593354320151,-0.4499659422052752,0.0,-0.11306496551263236,-0.4690797359941837,-0.47371338297334,-8.742475689895,-4.742362780561,-5.843767846152,-2.487639798872,0.11584117447834569,7.2,-1.4270053382492607,51,1.2502920463434926,-0.12324574839191728,12.066815320173403,-99.99
0.010667763734026673,0.024,0.00288,0.021,0.0,25.0,0.012261409979540089,"[1.1, 1.25]",True,-0.7545799153713,0.9437540562201,-0.02120994490022,10.67533930607,0.009605636619976696,-0.4590589513717659,0.0,-0.11616068256091824,-0.4839872601599114,-0.49003048653274567,-8.447933552417,-4.548708465533,-3.421,-2.711786013751,0.15108065932190198,7.2,-1.1876685826800828,52,0.9888456899074948,-0.02164817446014555,10.67415582672346,-99.99
0.01060206824481805,0.024,0.00288,0.021,0.0,35.0,0.012382445133806257,"[1.1, 1.25]",True,-0.8476310492576,1.08256753773,-0.03587222310047,11.32316207897,0.009602318128364123,-0.4630937293616915,0.0,-0.11701761274139601,-0.48728931598777847,-0.49315491274567574,-8.532554079179,-4.597117738767,-4.281004617572,-2.632221320785,0.14663991894612327,7.2,-1.2671088241108266,53,1.125095877456034,-0.03628027119758309,11.32194035570064,-99.99
0.010596603786686377,0.024,0.00288,0.021,0.0,45.0,0.012521773244828003,"[1.1, 1.25]",True,-0.9291827273079,1.210350168322,-0.03979523916127,11.91067079381,0.009602025845406533,-0.46757934484296865,0.0,-0.11798393212789064,-0.4910364270302913,-0.49672299240904216,-8.63102050676,-4.662286989514,-5.086946395756,-2.557658337262,0.1421641344684796,7.2,-1.3584313833025823,54,1.2525946618437014,-0.040201872392725574,11.909279277888082,-99.99
0.010638515098467763,0.024,0.00288,0.021,0.0,55.0,0.01268214583346702,"[1.1, 1.25]",True,-1.003926211059,1.329335266025,-0.03432702019424,12.44479837873,0.00960420611881702,-0.47255666986761696,0.0,-0.11907186376639804,-0.49528416635926786,-0.5007938624784524,-8.742475689895,-4.742362780561,-5.843767846152,-2.487639798872,0.1377424029796694,7.2,-1.4631505510026812,55,1.3730696439523646,-0.034758317178071624,12.44307884492779,-99.99
0.01243028740276678,0.028,0.00336,0.0245,0.0,25.0,0.014345333241487712,"[1.1, 1.25]",True,-0.7784151042409,1.05015263151,0.05735279681787,11.00719470765,0.011205830479048627,-0.47695139184036983,0.0,-0.12110017340617665,-0.505817735881586,-0.5128156374673549,-8.447933552417,-4.548708465533,-3.421,-2.711786013751,0.17494753964353724,7.2,-1.2093529013234012,56,1.09473985055969,0.05693913389761835,11.006116660098424,-99.99
0.012358444361868445,0.028,0.00336,0.0245,0.0,35.0,0.014490541000903176,"[1.1, 1.25]",True,-0.8723071167179,1.1881115431,0.04118154886373,11.64973707284,0.011202133432239471,-0.48132082976136986,0.0,-0.12201507961201546,-0.5093343305797754,-0.5161254822933308,-8.532554079179,-4.597117738767,-4.281004617572,-2.632221320785,0.16977879283860456,7.2,-1.29116371528786,57,1.2302879909582294,0.040794146381715614,11.648598894589659,-99.99
0.012356619465512697,0.028,0.00336,0.0245,0.0,45.0,0.014659071019262235,"[1.1, 1.25]",True,-0.9553050290856,1.315019581133,0.03580192552885,12.23248466783,0.011202034938945116,-0.48618228399537294,0.0,-0.12304968718547597,-0.5133399637130703,-0.519923643644603,-8.63102050676,-4.662286989514,-5.086946395756,-2.557658337262,0.16459199828895077,7.2,-1.3856814927830798,58,1.357054717645364,0.03541251660313286,12.231154487287096,-99.99
0.012410076787385668,0.028,0.00336,0.0245,0.0,55.0,0.014854138115485417,"[1.1, 1.25]",True,-1.032071962772,1.433105470128,0.03989789579728,12.76232302202,0.011204830780298783,-0.4915751506539213,0.0,-0.12421618914266348,-0.5178906475555919,-0.5242701619559745,-8.742475689895,-4.742362780561,-5.843767846152,-2.487639798872,0.15948786001046636,7.2,-1.4944633689988116,59,1.4767703276435542,0.03948023623813661,12.760637044899221,-99.99
0.01419048287469588,0.032,0.00384,0.028,0.0,25.0,0.016434523859296647,"[1.1, 1.25]",True,-0.7992767634386,1.142394335432,0.1249952327293,11.2945512916,0.012805895517866909,-0.49219325416790627,0.0,-0.12540065421428637,-0.5249699551725447,-0.5329158220828554,-8.447933552417,-4.548708465533,-3.421,-2.711786013751,0.19864667275587042,7.2,-1.2282662286591528,60,1.1865393267534783,0.12460631344893544,11.29357817755397,-99.99
0.014113398282056683,0.03200000000001,0.00384,0.028,0.0,35.0,0.01660486796094796,"[1.1, 1.25]",True,-0.893938195135,1.279585240579,0.1075330703486,11.93255288712,0.012801864704797362,-0.4968819124840603,0.0,-0.1263698844942498,-0.5286872618882191,-0.5363976496226174,-8.532554079179,-4.597117738767,-4.281004617572,-2.632221320785,0.19275969335906898,7.2,-1.3122626341775878,61,1.3214588913849692,0.1071666116199055,11.93149934589319,-99.99
0.014116088517383728,0.03200000000001,0.003840000000001019,0.02800000000001,0.0,45.0,0.016803935142718048,"[1.1, 1.25]",True,-0.9782635475114,1.405704834902,0.1009129210429,12.51120679874,0.012802012155883665,-0.5020984272158716,0.0,-0.12746788550439989,-0.5329325416966038,-0.5404074785403274,-8.63102050676,-4.662286989514,-5.086946395756,-2.557658337262,0.18687342109498137,7.2,-1.4097277339760166,62,1.4475680587313824,0.10054123836476844,12.509941078944461,-99.99
0.014181973865417577,0.031999999999990536,0.0038400000000071064,0.02800000000003053,0.0,55.0,0.017035385376375403,"[1.1, 1.25]",True,-1.056887545478,1.522977059466,0.1038451533162,13.03735335434,0.012805472265778444,-0.5078802941465652,0.0,-0.12870670147351854,-0.5377616930061108,-0.5450056684873081,-8.742475689895,-4.742362780561,-5.843767846152,-2.487639798872,0.18109938702768053,7.2,-1.5222531789555578,63,1.5665986091349235,0.10344191430585682,13.03570675697061,-99.99
0.00045021635326530164,0.004,0.00048,0.0035,0.0,25.0,0.0007627721700849925,"[1.1, 1.25]",True,-0.853019910277,-0.9132847273807,-0.9962355384419,6.661839338539,0.0004004751361900563,-0.25689089941202836,0.0,-0.06402159415723326,-0.2612291354589792,-0.2622808290461332,-8.447933552417,-4.548708465533,-3.421,-2.711786013751,0.026292339678589256,7.2,-0.9725823143557845,64,-0.8625351880584258,-0.9963619522569551,6.661442552590264,-99.99
0.0004460557325631042,0.004,0.00048,0.0035,0.0,35.0,0.0007768523723110717,"[1.1, 1.25]",True,-0.9155074466485,-0.7652900601505,-0.9908311334626,7.381011015833,0.000400306990171668,-0.25881770036842877,0.0,-0.06448044868529146,-0.2630490085740074,-0.26407478026021225,-8.532554079179,-4.597117738767,-4.281004617572,-2.632221320785,0.025644292154931546,7.2,-1.028328350086928,65,-0.7183881550849232,-0.9909462596652122,7.380638989640118,-99.99
0.000444524978410856,0.004,0.00048,0.0035,0.0,45.0,0.0007907887092671522,"[1.1, 1.25]",True,-0.9753275668264,-0.6281863433708,-0.9746630579291,8.034095459527,0.00040023641654809484,-0.26082002440018837,0.0,-0.06495726687128407,-0.2649360547660639,-0.2659338803092953,-8.63102050676,-4.662286989514,-5.086946395756,-2.557658337262,0.024945638581133005,7.2,-1.0871911314123694,66,-0.5827048150943142,-0.9747733098013823,8.033722177073306,-99.99
0.00044499388067519133,0.004,0.00048,0.0035,0.0,55.0,0.0008048296481990149,"[1.1, 1.25]",True,-1.034169485228,-0.4997741972098,-0.9495671620697,8.628019555801,0.0004002585403108764,-0.2629120711138044,0.0,-0.06545584232038205,-0.26690671192155513,-0.2678751096931116,-8.742475689895,-4.742362780561,-5.843767846152,-2.487639798872,0.024209944289571506,7.2,-1.149868236545956,67,-0.4538692158009373,-0.9496776791014848,8.62762005352648,-99.99
0.0008966067828410426,0.008,0.00096,0.007,0.0,25.0,0.001575948541825381,"[1.1, 1.25]",True,-0.9482410793939,-0.4172334641667,-0.5954900899047,8.280469894612,0.0008008042234081128,-0.3270568029421686,0.0,-0.08168796333600882,-0.3354280810372729,-0.33745748178766766,-8.447933552417,-4.548708465533,-3.421,-2.711786013751,0.05073501875826853,7.2,-1.066928309016648,68,-0.3682685430916052,-0.5956223394296072,8.280069314038588,-99.99
0.0008891818674664835,0.008,0.00096,0.007,0.0,35.0,0.0016033937814866317,"[1.1, 1.25]",True,-1.013988634716,-0.2726524222892,-0.5985568655522,8.969026372098,0.000800479118686499,-0.32932533258762564,0.0,-0.08220836117619236,-0.33746015240684213,-0.3394322299387029,-8.532554079179,-4.597117738767,-4.281004617572,-2.632221320785,0.0493019382979652,7.2,-1.1269999679258684,69,-0.22712281654838395,-0.5986775453643769,8.968643379036447,-99.99
0.0008869368632358563,0.008,0.00096,0.007,0.0,45.0,0.0016306221702330034,"[1.1, 1.25]",True,-1.077016860036,-0.1389748013038,-0.5910639284479,9.593772850138,0.0008003699024429711,-0.3317672133051789,0.0,-0.08277038608968033,-0.3396550095544807,-0.3415672025845871,-8.63102050676,-4.662286989514,-5.086946395756,-2.557658337262,0.04780482575303025,7.2,-1.1902935782638318,70,-0.09449203146056369,-0.5911802351575042,9.59337714649977,-99.99
0.0008886783221766027,0.008,0.00096,0.007,0.0,55.0,0.0016581647218408633,"[1.1, 1.25]",True,-1.138817950774,-0.01394430599908,-0.5746217283302,10.16187026907,0.0008004550819218912,-0.3344176515037137,0.0,-0.0833834040728563,-0.3420532601897578,-0.34390431684096595,-8.742475689895,-4.742362780561,-5.843767846152,-2.487639798872,0.046276416279142085,7.2,-1.257371994379536,71,0.031327044629772496,-0.574739572230305,10.16143078695324,-99.99
0.00134120822215605,0.012,0.00144,0.0105,0.0,25.0,0.00240478030280692,"[1.1, 1.25]",True,-1.0028689487,-0.132757673877,-0.3732717870572,9.187256208371,0.0012010534379569787,-0.37222891305947897,0.0,-0.09322691385887227,-0.38452596752217194,-0.38750707163430853,-8.447933552417,-4.548708465533,-3.421,-2.711786013751,0.0745276028039575,7.2,-1.1207536978717088,72,-0.08494081444308552,-0.373402055738902,9.186872451451247,-99.99
0.0013310338029063448,0.012,0.00144,0.0105,0.0,35.0,0.0024451316200286995,"[1.1, 1.25]",True,-1.069841470207,0.009871889249446,-0.3809195177945,9.859787179831,0.001200586013131072,-0.3748619949952346,0.0,-0.0938133189099885,-0.38679339355074394,-0.3896858538066261,-8.532554079179,-4.597117738767,-4.281004617572,-2.632221320785,0.07231150639693548,7.2,-1.182795450674239,73,0.054548174428607335,-0.38103886699403416,9.859413216382249,-99.99
0.0013285609670711253,0.012,0.00144,0.0105,0.0,45.0,0.002485530953150125,"[1.1, 1.25]",True,-1.134194651811,0.1416059321958,-0.3780074470476,10.46999012992,0.0012004618859632879,-0.37775264845465956,0.0,-0.09446188932016178,-0.389308221417505,-0.39210957243878525,-8.63102050676,-4.662286989514,-5.086946395756,-2.557658337262,0.07003377553237619,7.2,-1.2482730584896689,74,0.18550786641574932,-0.3781233299180368,10.469593663581334,-99.99
0.0013320669257146504,0.012,0.00144,0.0105,0.0,55.0,0.0025268043118116825,"[1.1, 1.25]",True,-1.197330545855,0.2647191896976,-0.3660280579602,11.02504580526,0.001200636686812923,-0.38094540647782593,0.0,-0.09518468658296222,-0.3921232683798376,-0.39483305308335664,-8.742475689895,-4.742362780561,-5.843767846152,-2.487639798872,0.06774461758801216,7.2,-1.3177023412352993,75,0.30968017776881135,-0.36614674087937216,11.024591987365453,-99.99
0.0017845828614099944,0.016,0.00192,0.014,0.0,25.0,0.0032425999016442207,"[1.1, 1.25]",True,-1.040629407369,0.06721558845312,-0.2201979031995,9.817415085204,0.0016012440138190383,-0.4055254356871657,0.0,-0.10186965177461677,-0.4216838315383573,-0.4256010184114115,-8.447933552417,-4.548708465533,-3.421,-2.711786013751,0.09792967182557334,7.2,-1.1578011868113964,76,0.11417505553575655,-0.22032357075799414,9.817054625261,-99.99
0.0017720500541862079,0.016,0.00192,0.014,0.0,35.0,0.0032957045917492473,"[1.1, 1.25]",True,-1.10821828292,0.2084483849167,-0.2309190573565,10.47932792496,0.0016006481697322407,-0.4085219099239708,0.0,-0.102521292752379,-0.42418738829430347,-0.42798508002047725,-8.532554079179,-4.597117738767,-4.281004617572,-2.632221320785,0.09494229315341823,7.2,-1.2210596225165031,77,0.25250417979759443,-0.23103471960384672,10.478969939730433,-99.99
0.0017697241983024284,0.01599999999999,0.00192,0.014,0.0,45.0,0.003349384827209153,"[1.1, 1.25]",True,-1.173317544471,0.3387889510997,-0.2310374664867,11.07997743177,0.0016005288524752444,-0.4118457757216007,0.0,-0.1032522710244554,-0.4270099608548846,-0.43068612694780095,-8.63102050676,-4.662286989514,-5.086946395756,-2.557658337262,0.09190415232280646,7.2,-1.2879775533982718,78,0.38229211605976016,-0.23115062528018054,11.079588553470812,-99.99
0.0017753767673735126,0.01599999999999,0.00192,0.014,0.0,55.0,0.0034047578692582084,"[1.1, 1.25]",True,-1.237272707609,0.4605179500308,-0.2219697942823,11.62651740248,0.0016008141330518739,-0.41554577140683924,0.0,-0.10407607298236358,-0.4302111883919851,-0.43376644099447836,-8.742475689895,-4.742362780561,-5.843767846152,-2.487639798872,0.08888131506153256,7.2,-1.3590482463338884,79,0.5053020807263906,-0.22208690382278687,11.626060036097092,-99.99
0.002227014459458127,0.02,0.0024,0.0175,0.0,25.0,0.004086608435776916,"[1.1, 1.25]",True,-1.069269354522,0.2216029662779,-0.1036887838768,10.30072901269,0.0020013873938172695,-0.4317131788894272,0.0,-0.10878529726790942,-0.4516869169002235,-0.4565290352059265,-8.447933552417,-4.548708465533,-3.421,-2.711786013751,0.12105295764125604,7.2,-1.1858060426254051,80,0.26787433904840513,-0.1038087220028843,10.300394450164564,-99.99
0.002212448164287395,0.02,0.0024,0.0175,0.0,35.0,0.004152451786325998,"[1.1, 1.25]",True,-1.137221428552,0.3617259926855,-0.1167018233557,10.95475321278,0.00200067623671244,-0.43506294653718164,0.0,-0.1094995146178705,-0.4544186247303107,-0.4591109103528349,-8.532554079179,-4.597117738767,-4.281004617572,-2.632221320785,0.11730714056424715,7.2,-1.249943181050516,81,0.4052952998225273,-0.11681275071017468,10.954414384843828,-99.99
0.002210583209128653,0.02,0.0024,0.0175,0.0,45.0,0.004219610179997108,"[1.1, 1.25]",True,-1.202818471085,0.4909551572591,-0.1190578365172,11.54833705687,0.002000578980473444,-0.438798671463278,0.0,-0.11030761378725386,-0.4575305948522792,-0.4620716671890501,-8.63102050676,-4.662286989514,-5.086946395756,-2.557658337262,0.11352680841859317,7.2,-1.3179561405041313,82,0.534162138156208,-0.11916719803882751,11.547960011982573,-99.99
0.002218703468494833,0.02,0.0024,0.0175,0.0,55.0,0.004289484796500651,"[1.1, 1.25]",True,-1.267365492158,0.6115718673891,-0.1121192268927,12.08859443355,0.002000992260324583,-0.4429706670032667,0.0,-0.11122384547539949,-0.4610864382567109,-0.46547814037872864,-8.742475689895,-4.742362780561,-5.843767846152,-2.487639798872,0.10979255305123067,7.2,-1.3903260469171799,83,0.6562512458147514,-0.1122335766099184,12.08813941746911,-99.99
0.0026686755615269162,0.024,0.00288,0.021,0.0,25.0,0.00493529814118112,"[1.1, 1.25]",True,-1.092250547968,0.3474769241084,-0.009715348891988,10.69320235973,0.002401490852406049,-0.4531210762495695,0.0,-0.11454311793032736,-0.47687420658106444,-0.48263254120695415,-8.447933552417,-4.548708465533,-3.421,-2.711786013751,0.1439583656457263,7.2,-1.2082165693370717,84,0.39317168548930503,-0.009829027933243873,10.692894785942542,-99.99
0.002652358641820385,0.024,0.00288,0.021,0.0,35.0,0.005013937698934359,"[1.1, 1.25]",True,-1.16044178019,0.48666453346,-0.02454937117323,11.34095338139,0.002400676809942044,-0.456811280934475,0.0,-0.11531673590349537,-0.4798232422553087,-0.4854018995451988,-8.532554079179,-4.597117738767,-4.281004617572,-2.632221320785,0.1394664322473557,7.2,-1.2730518393765757,85,0.5298347629174366,-0.02465504651513617,11.34063533848423,-99.99
0.0026512293162955615,0.024,0.00288,0.021,0.0,45.0,0.005094809751565549,"[1.1, 1.25]",True,-1.226410357125,0.6149531174422,-0.02866988286723,11.92893279345,0.0024006171507529018,-0.46093731666452975,0.0,-0.11619675725439774,-0.48320571345860375,-0.48860411268149156,-8.63102050676,-4.662286989514,-5.086946395756,-2.557658337262,0.13495998057064865,7.2,-1.3419686271363285,86,0.6579296607495061,-0.028774881695403164,11.928570038092227,-99.99
0.0026620985656989264,0.024,0.00288,0.021,0.0,55.0,0.005179591094682516,"[1.1, 1.25]",True,-1.291429877337,0.7346224212885,-0.02339779750107,12.46421146895,0.002401173696296144,-0.465549584583777,0.0,-0.11719781682233149,-0.48708753387831477,-0.49230885491949905,-8.742475689895,-4.742362780561,-5.843767846152,-2.487639798872,0.13053302602792982,7.2,-1.4154411191996028,87,0.7792415508214101,-0.023508721473666897,12.463762463525457,-99.99
0.003109682329640454,0.028,0.00336,0.0245,0.0,25.0,0.0057877386146409915,"[1.1, 1.25]",True,-1.111404548876,0.4538406342468,0.06901710186402,11.02402464724,0.002801559452821248,-0.4710774276603636,0.0,-0.11946686558396574,-0.49858025641379977,-0.5052476088388066,-8.447933552417,-4.548708465533,-3.421,-2.711786013751,0.1666838106265775,7.2,-1.2268530117590501,88,0.49903795381456767,0.06890992748638337,11.02374445565903,-99.99
0.003091868306848276,0.028,0.00336,0.0245,0.0,35.0,0.005879273793340945,"[1.1, 1.25]",True,-1.179768059895,0.5922098824049,0.05267374615083,11.66655817493,0.002800654386080387,-0.4750947794091104,0.0,-0.12029669193325226,-0.5017352207845787,-0.5081935096028709,-8.532554079179,-4.597117738767,-4.281004617572,-2.632221320785,0.1614572204573097,7.2,-1.2922787986456181,89,0.6350426071448364,0.052573584460620264,11.66626178441839,-99.99
0.0030917216768621748,0.028,0.00336,0.0245,0.0,45.0,0.00597411277331251,"[1.1, 1.25]",True,-1.246036918703,0.719672553556,0.04709947044083,12.24988321957,0.002800646581244493,-0.47959100095875706,0.0,-0.12124385767144642,-0.5053704178438035,-0.5116199734522902,-8.63102050676,-4.662286989514,-5.086946395756,-2.557658337262,0.15623889021248177,7.2,-1.361981140335394,90,0.7624642522169325,0.046999149683382674,12.24953628373107,-99.99
0.003105592863724223,0.028,0.00336,0.0245,0.0,55.0,0.00607419941236437,"[1.1, 1.25]",True,-1.311458991411,0.8385055633922,0.05100654401882,12.7810279087,0.002801360010660696,-0.484615689343629,0.0,-0.12232314816304839,-0.5095530189114437,-0.5155984321400826,-8.742475689895,-4.742362780561,-5.843767846152,-2.487639798872,0.15113533071427002,7.2,-1.4364300740810763,91,0.883094230944783,0.0508994482441637,12.780587365325411,-99.99
0.0035501182603860284,0.032,0.00384,0.028,0.0,25.0,0.0066433035934525585,"[1.1, 1.25]",True,-1.127811084877,0.5460192303893,0.1367745601064,11.31030699061,0.0032015969311300864,-0.4864172598996008,0.0,-0.12375955934755703,-0.5176443410762768,-0.5252145425737292,-8.447933552417,-4.548708465533,-3.421,-2.711786013751,0.18925503743467512,7.2,-1.242786107702869,92,0.5907783052456606,0.13667398709729886,11.310054219390333,-99.99
0.0035310388705929677,0.032,0.00384,0.028,0.0,35.0,0.006747859775483531,"[1.1, 1.25]",True,-1.196308632049,0.6836542731607,0.1191419062809,11.94836151301,0.00320061222494322,-0.4907489287025079,0.0,-0.12464256679183547,-0.5209941496860901,-0.5283263244700226,-8.532554079179,-4.597117738767,-4.281004617572,-2.632221320785,0.1833043695972129,7.2,-1.3087332282255566,93,0.7261951990073416,0.11904738362619402,11.948087228818533,-99.99
0.003532101265887135,0.032,0.00384,0.028,0.0,45.0,0.006856927000609785,"[1.1, 1.25]",True,-1.262834619191,0.8103735956395,0.1123318875042,12.52769444726,0.0032006695318049783,-0.4955970174522502,0.0,-0.1256525804731457,-0.5248658548178604,-0.5319613305428648,-8.63102050676,-4.662286989514,-5.086946395756,-2.557658337262,0.17738689312493067,7.2,-1.3791420968784927,94,0.8530138070675879,0.11223642326416393,12.527364328832569,-99.99
0.0035492059135571394,0.03199999999999,0.003840000000002,0.02800000000001,0.0,55.0,0.006972707605041189,"[1.1, 1.25]",True,-1.328614952189,0.9284507283618,0.1150841869995,13.05529265635,0.0032015521919901103,-0.5010097650148204,0.0,-0.12680438628293952,-0.5293272002367233,-0.5361920330177485,-8.742475689895,-4.742362780561,-5.843767846152,-2.487639798872,0.17162081952674,7.2,-1.4544801284497748,95,0.9730299878141937,0.11498117322812858,13.054862303895153,-99.99
0.006805374878311768,0.004,0.00048,0.0035,0.0,25.0,0.008252895335373062,"[1.1, 1.25]",True,-3.037932040989,1.790179897016,-1.068259173292,12.49842795062,0.006008995567653264,-0.2707632941708251,0.0,-0.0674974900695238,-0.2757433394572266,-0.27695062316302327,-8.447933552417,-4.548708465533,-3.421,-2.711786013751,0.030182092644883928,8.8,-4.933766326442792,96,1.8380228984094766,-1.0746817087702274,12.476679891529685,-99.99
0.00704374934948755,0.004,0.00048,0.0035,0.0,35.0,0.008768279185305788,"[1.1, 1.25]",True,-3.61577729853,1.902410463259,-1.074062730395,12.98726099383,0.006012634220509242,-0.27274788311928405,0.0,-0.06796719410035855,-0.27760127491891756,-0.27877785474917904,-8.532554079179,-4.597117738767,-4.281004617572,-2.632221320785,0.02941449575540196,8.8,-6.162577702546274,97,1.9610674864059137,-1.0841756872295558,12.952243220660693,-99.99
0.007309053210224676,0.004,0.00048000000000043635,0.003500000000001,0.0,45.0,0.00934886497788809,"[1.1, 1.25]",True,-4.280219923491,1.998976633183,-1.071851100944,13.39710635929,0.006008397285393828,-0.2746855901262572,0.0,-0.06842407799388874,-0.2793970622016497,-0.2805392372501929,-8.63102050676,-4.662286989514,-5.086946395756,-2.557658337262,0.028554376214298523,8.8,-7.603090888986342,98,2.068317038188037,-1.0873279571984005,13.341925461316215,-99.99
0.007597836203897442,0.004,0.00048,0.0035,0.0,55.0,0.009982365797806859,"[1.25, 1.5]",True,-5.023464787034,2.082230810491,-1.06303550079,13.737774298,0.006006990836619411,-0.2766582923402479,0.0,-0.0688890244625723,-0.2812189059549092,-0.28232450925540314,-8.742475689895,-4.742362780561,-5.843767846152,-2.487639798872,0.02764008251284741,8.8,-9.22978319093148,99,2.160818034574194,-1.0858402093141133,13.653838737978928,-99.99
0.014145481349790608,0.008,0.00096,0.007,0.0,25.0,0.01760903419997965,"[1.1, 1.25]",True,-3.656327081889,2.246655129141,-0.6852602217353,13.87573470508,0.012025254778324319,-0.34252217156052006,0.0,-0.08561930180137003,-0.3520948603157553,-0.3544155121351956,-8.447933552417,-4.548708465533,-3.421,-2.711786013751,0.05801629548634217,8.8,-6.304714053543006,100,2.3062752710997794,-0.6962666588506126,13.838686791785529,-99.99
0.014731525675013755,0.008,0.00096,0.007,0.0,35.0,0.0188655201866265,"[1.1, 1.25]",True,-4.356434263436,2.346255699674,-0.7023711915223,14.31954782609,0.012012765498291998,-0.3447860574415331,0.0,-0.0861304929762602,-0.35407376946311186,-0.35632533601375777,-8.532554079179,-4.597117738767,-4.281004617572,-2.632221320785,0.05628916376672877,8.8,-7.875363976613943,101,2.417687109201222,-0.7193317553680686,14.26084219298695,-99.99
0.01541417590845018,0.008,0.00096,0.007,0.0,45.0,0.020287033823634552,"[1.25, 1.5]",True,-5.135031438212,2.429052838014,-0.7120256762127,14.68537453805,0.012027342714846007,-0.3471418703826381,0.0,-0.08666253025932391,-0.3561267661843621,-0.358304922742337,-8.63102050676,-4.662286989514,-5.086946395756,-2.557658337262,0.05445391394998904,8.8,-9.700875125653358,102,2.51076844902272,-0.7375996683344803,14.594005513649563,-99.99
0.016125568719391168,0.008,0.00096,0.007,0.0,55.0,0.02175945148106671,"[1.25, 1.5]",True,-5.965624893559,2.498333589828,-0.7151117795815,14.98366958647,0.012054605935981254,-0.34973085128480147,0.0,-0.08725187919373195,-0.3584097591381948,-0.3605137367996504,-8.742475689895,-4.742362780561,-5.843767846152,-2.487639798872,0.05259944153592541,8.8,-11.662843588595127,103,2.5875241499190023,-0.7518535443738488,14.848168196758104,-99.99
0.021761723522046864,0.012,0.00144,0.0105,0.0,25.0,0.027541412401167177,"[1.1, 1.25]",True,-4.078532350174,2.504317544886,-0.474569164542,14.64925273296,0.01803008746085163,-0.38804664121336907,0.0,-0.0973149400100638,-0.40205775158420254,-0.4054543844013999,-8.447933552417,-4.548708465533,-3.421,-2.711786013751,0.08491582042927465,8.8,-7.270703997089108,104,2.5713359718189595,-0.4892769620369624,14.599810206585849,-99.99
0.02276556850334886,0.012,0.00144,0.0105,0.0,35.0,0.029659288757487922,"[1.25, 1.5]",True,-4.853114421762,2.596222303744,-0.4980916117701,15.06878836775,0.018019117478372863,-0.39065796029643735,0.0,-0.09788304290306676,-0.4042267119284793,-0.407516106263523,-8.532554079179,-4.597117738767,-4.281004617572,-2.632221320785,0.08223485837621795,8.8,-9.072425560253215,105,2.6750465769505225,-0.5205652965010831,14.991012385698228,-99.99
0.023927233562013907,0.012,0.00144,0.0105,0.0,45.0,0.032019768869799396,"[1.25, 1.5]",True,-5.69748052037,2.670957653562,-0.5143050713237,15.41095807397,0.01807525327189344,-0.3935043480615576,0.0,-0.09850749959231972,-0.406617814949058,-0.4097968372248299,-8.63102050676,-4.662286989514,-5.086946395756,-2.557658337262,0.07947555689413673,8.8,-11.128748711275465,106,2.759092749324694,-0.5477920965384073,15.291430397942927,-99.99
0.025024647023411308,0.012,0.00144,0.0105,0.0,55.0,0.03429943650117301,"[1.25, 1.5]",True,-6.575444880507,2.732393195692,-0.5238052370364,15.68668196308,0.018087315431788643,-0.3966921753094835,0.0,-0.0992164235194338,-0.40935286584513286,-0.41242212415682133,-8.742475689895,-4.742362780561,-5.843767846152,-2.487639798872,0.07673145779188233,8.8,-13.22466045431609,107,2.826712208430631,-0.5706997477222483,15.51408150769983,-99.99
0.02956980989204548,0.016,0.00192,0.014,0.0,25.0,0.0378790636519084,"[1.1, 1.25]",True,-4.405611308462,2.683641866285,-0.3302104201114,15.18773858942,0.02402122610351985,-0.42120837899014263,0.0,-0.10599635883443294,-0.43955630240864496,-0.44400428384343366,-8.447933552417,-4.548708465533,-3.421,-2.711786013751,0.1111995358694693,8.8,-8.032186284171882,108,2.756029880519834,-0.34808208165366755,15.127717359426462,-99.99
0.031084388149043143,0.016,0.0019200000000001807,0.014,0.0,35.0,0.04098600431197751,"[1.25, 1.5]",True,-5.232522447807,2.770008332578,-0.3581802412684,15.59069698534,0.024068220263831812,-0.4242164076681082,0.0,-0.10663365805330213,-0.4419727210442415,-0.4462772818627056,-8.532554079179,-4.597117738767,-4.281004617572,-2.632221320785,0.10761402046137329,8.8,-10.025904567541172,109,2.853734701017132,-0.38548916168313646,15.496319807939688,-99.99
0.032683202337890446,0.016,0.00192,0.014,0.0,45.0,0.044251155929415885,"[1.25, 1.5]",True,-6.121020891282,2.839088724043,-0.3788757396757,15.91680033074,0.024115462807961334,-0.42751598329216817,0.0,-0.10734086122666331,-0.44466690640565676,-0.4488247059483089,-8.63102050676,-4.662286989514,-5.086946395756,-2.557658337262,0.10394498856652527,8.8,-12.207810426077486,110,2.9313984612152613,-0.4188501370081916,15.77442228461337,-99.99
0.03415623909712396,0.016,0.00192,0.014,0.0,55.0,0.04732630370776198,"[1.25, 1.5]",True,-7.028964561746,2.895160325284,-0.3926963775451,16.17732585219,0.024101907000874265,-0.43127872298474573,0.0,-0.10816388330293092,-0.4478392437757366,-0.45185391548265136,-8.742475689895,-4.742362780561,-5.843767846152,-2.487639798872,0.10036679267284385,8.8,-14.379822360706555,111,2.99260694192405,-0.4477115765137803,15.975502332608352,-99.99
0.037529952905392024,0.02,0.0024,0.0175,0.0,25.0,0.04853682161736935,"[1.25, 1.5]",True,-4.675433407874,2.821082900826,-0.2207850971499,15.60113320299,0.03000228723453293,-0.4470274779303286,0.0,-0.11289298869496812,-0.4696351878312472,-0.4751158447769667,-8.447933552417,-4.548708465533,-3.421,-2.711786013751,0.1370164236421906,8.8,-8.668897373439652,112,2.897654998820644,-0.24146263753275984,15.531766269402615,-99.99
0.039583748491998215,0.02,0.0024,0.0175,0.0,35.0,0.05267996890578547,"[1.25, 1.5]",True,-5.542040019155,2.903121855844,-0.2521560917496,15.99148378785,0.030116033462205812,-0.45042495427125806,0.0,-0.11359785891714128,-0.4722964145012349,-0.47759858667818567,-8.532554079179,-4.597117738767,-4.281004617572,-2.632221320785,0.13255430442415864,8.8,-10.808840186274352,113,2.9905154393219897,-0.28368049792194944,15.88274010277674,-99.99
0.04161758775337608,0.02,0.0024,0.0175,0.0,45.0,0.0568533649126662,"[1.25, 1.5]",True,-6.462748068695,2.967865451222,-0.2762429419065,16.30543892797,0.030145657212846354,-0.4541659819886629,0.0,-0.11438520625687905,-0.4752876120337045,-0.4804080071961286,-8.63102050676,-4.662286989514,-5.086946395756,-2.557658337262,0.12800987906081895,8.8,-13.0793167912752,114,3.0631756352339807,-0.32176985215335285,16.143715719912866,-99.99
0.04345565633254479,0.02,0.0024,0.0175,0.0,55.0,0.06070942059821915,"[1.25, 1.5]",True,-7.391435144509,3.019897268353,-0.2932999557275,16.55456042648,0.03009893827983596,-0.45846798284558404,0.0,-0.11531421000060949,-0.4788690982804419,-0.48381482323441405,-8.742475689895,-4.742362780561,-5.843767846152,-2.487639798872,0.1236431238477005,8.8,-15.298776363295403,115,3.119485543688325,-0.35514699345171774,16.328512642271882,-99.99
0.04570121938650867,0.024,0.00288,0.021,0.0,25.0,0.05955479451542088,"[1.25, 1.5]",True,-4.906660962566,2.932499801631,-0.1328228868965,15.93695327986,0.03604965816350618,-0.4679731716391642,0.0,-0.11860857546892138,-0.4947847671084748,-0.501284547828304,-8.447933552417,-4.548708465533,-3.421,-2.711786013751,0.16249451799550632,8.8,-9.244377053383142,116,3.012299993771537,-0.15621870723529643,15.858599613497564,-99.99
0.04822744821041127,0.024,0.00288,0.021,0.0,35.0,0.0646701844964417,"[1.25, 1.5]",True,-5.804859038209,3.010985079688,-0.1669498839992,16.31710072495,0.0361602958635284,-0.4717187673426575,0.0,-0.11937023803888197,-0.49764694631016326,-0.5039325654537424,-8.532554079179,-4.597117738767,-4.281004617572,-2.632221320785,0.15714047859082805,8.8,-11.476215467445172,117,3.1012715476373733,-0.20223752860142566,16.195631885705446,-99.99
0.050692294315933424,0.024,0.00288,0.021,0.0,45.0,0.06975012960244971,"[1.25, 1.5]",True,-6.750350652758,3.072218953452,-0.1937619978129,16.62128062256,0.03616526394167874,-0.47588410620634414,0.0,-0.12023397187828239,-0.5009231952016825,-0.5069932773823844,-8.63102050676,-4.662286989514,-5.086946395756,-2.557658337262,0.15175205451735577,8.8,-13.812572001087357,118,3.169821147340013,-0.2441746705479291,16.442716218728624,-99.99
0.05288548541084284,0.024,0.00288,0.021,0.0,55.0,0.074372400780793,"[1.25, 1.5]",True,-7.694217644532,3.121026196568,-0.2133995500008,16.86128795921,0.036079559149650976,-0.4806895313389063,0.0,-0.12126087313528018,-0.5048842981971067,-0.5107496962233488,-8.742475689895,-4.742362780561,-5.843767846152,-2.487639798872,0.14663495065601592,8.8,-16.06316180100556,119,3.2221875852935558,-0.28117939777263645,16.614490031637605,-99.99
0.05399061840758873,0.028,0.00336,0.0245,0.0,25.0,0.07081170886874355,"[1.25, 1.5]",True,-5.109956130448,3.026202634423,-0.05933992616069,16.22000956515,0.042098425612741026,-0.4853962670359114,0.0,-0.12347111895338413,-0.5163591989574737,-0.5238653642717874,-8.447933552417,-4.548708465533,-3.421,-2.711786013751,0.18765413285773036,8.8,-9.753006608358728,120,3.1087042191598138,-0.0852330480070892,16.13344795247588,-99.99
0.056991148359713285,0.028,0.00336,0.0245,0.0,35.0,0.07690857441138634,"[1.25, 1.5]",True,-6.034137273988,3.101670798696,-0.0957870751369,16.59156046717,0.04219985865455588,-0.48948130687328184,0.0,-0.12428768680897827,-0.5194168173319984,-0.5266739107764964,-8.532554079179,-4.597117738767,-4.281004617572,-2.632221320785,0.18142733611334838,8.8,-12.059715591447718,121,3.194322771362279,-0.13449109966146217,16.458629775687555,-99.99
0.05988216066068891,0.028,0.00336,0.0245,0.0,45.0,0.08289067628206775,"[1.25, 1.5]",True,-6.999401472395,3.159960000337,-0.1248777566875,16.88754869694,0.04217431526088304,-0.49405252476236483,0.0,-0.12522381333473137,-0.5229644038763881,-0.5299733442676969,-8.63102050676,-4.662286989514,-5.086946395756,-2.557658337262,0.17522350978227744,8.8,-14.446862409530159,122,3.2593864940248287,-0.1796733461500953,16.694029971024154,-99.99
0.06242135559568242,0.028,0.003360000000001,0.0245,0.0,55.0,0.08826505466992551,"[1.25, 1.5]",True,-7.954803818207,3.206091371209,-0.1466591135802,17.11996440165,0.042044942611265616,-0.4993283346862649,0.0,-0.12634122833849537,-0.5272774998202502,-0.53405305500427,-8.742475689895,-4.742362780561,-5.843767846152,-2.487639798872,0.16938887959999574,8.8,-16.718411243510502,123,3.308464007517483,-0.21970465779377912,16.854980849195982,-99.99
0.06238219396165982,0.032,0.00384,0.028,0.0,25.0,0.08227652946350197,"[1.25, 1.5]",True,-5.292015788338,3.107081530298,0.003738341484778,16.46487219486,0.04814724750830872,-0.500164292261147,0.0,-0.1276913205591023,-0.5352324331010505,-0.5437338005773676,-8.447933552417,-4.548708465533,-3.421,-2.711786013751,0.21253418690862996,8.8,-10.210223134756067,124,3.191896095614997,-0.024474328055770274,16.37073242617193,-99.99
0.06585733243852215,0.032,0.00384,0.028,0.0,35.0,0.08936032853826316,"[1.25, 1.5]",True,-6.238085863578,3.179926165677,-0.0347154885983,16.82897336896,0.048234116384626144,-0.5045791299607717,0.0,-0.12856074899087774,-0.5384789408288388,-0.5466970767968756,-8.532554079179,-4.597117738767,-4.281004617572,-2.632221320785,0.20545339920043584,8.8,-12.57934673944458,125,3.274563248646352,-0.0765600686535204,16.685587247742788,-99.99
0.06916932363341427,0.032,0.003840000000001,0.028,0.0,45.0,0.09623871809021962,"[1.25, 1.5]",True,-7.219544537961,3.235680088254,-0.06576534333325,17.11789843077,0.04817307637395324,-0.5095381078114882,0.0,-0.1295653866615573,-0.5422840628509731,-0.5502224761939462,-8.63102050676,-4.662286989514,-5.086946395756,-2.557658337262,0.1984603335728695,8.8,-15.006656841703254,126,3.336602239291364,-0.12454918642362653,16.910903377344233,-99.99
0.07205849945218587,0.032,0.00384,0.028,0.0,55.0,0.10236543000762273,"[1.5, 2.0]",True,-8.183948002127,3.27952830867,-0.08937998022487,17.34380357936,0.04800722355583701,-0.5152596940852622,0.0,-0.1307681947116286,-0.5469307273012582,-0.554608553535403,-8.742475689895,-4.742362780561,-5.843767846152,-2.487639798872,0.19194565585421283,8.8,-17.294343713994778,127,3.3828443468409835,-0.1671978659408779,17.06254039947115,-99.99
