"time","c","der(c)","B","M","cycles","tau_h"
0,4500,-0.0002867999999999665,2.1,6.304780000000001,3,6.598736632279331
600,4499.830071371575,-0.0002796467524292529,2.1,6.304780000000001,2.999886714247717,6.598736632279331
1200,4499.664359742569,-0.0002726710219792585,2.1,6.304780000000001,2.99977623982838,6.598736632279331
1800,4499.502703814253,-0.0002658660186831912,2.1,6.304780000000001,2.999668469209502,6.598736632279331
2400,4499.345092204307,-0.0002592312633955589,2.1,6.304780000000001,2.999563394802871,6.598736632279331
3000,4499.191343902204,-0.0002527591363695683,2.1,6.304780000000001,2.999460895934802,6.598736632279331
3600,4499.041492498908,-0.0002464510516369774,2.1,6.304780000000001,2.999360994999272,6.598736632279331
3600.000000720086,4499.041492498731,-0.0002464510516295195,2.1,6.304780000000001,2.999360994999154,6.598736632279331
3600.000000720086,4499.041492498731,0.06273342029084376,1.05,5.25478,2.999360994999154,13.16756943522715
4200,4536.444537768301,0.06194438060905502,1.05,5.25478,3.024296358512201,13.16756943522715
4800,4573.378259194754,0.06116524159533115,1.05,5.25478,3.048918839463169,13.16756943522715
5400,4609.847819016067,0.06039589434916466,1.05,5.25478,3.073231879344045,13.16756943522715
6000,4645.858788996806,0.05963622133083898,1.05,5.25478,3.097239192664537,13.16756943522715
6600,4681.416735793804,0.05888610510838822,1.05,5.25478,3.120944490529203,13.16756943522715
7200,4716.526969411491,0.05814543366408294,1.05,5.25478,3.144351312940994,13.16756943522715
7800,4751.194664412348,0.05741409783742287,1.05,5.25478,3.167463109608232,13.16756943522715
8400,4785.425873021822,0.05669196995308086,1.05,5.25478,3.190283915347881,13.16756943522715
9000,4819.226095037176,0.05597893398953376,1.05,5.25478,3.21281739669145,13.16756943522715
9600,4852.601163019303,0.05527486690540998,1.05,5.25478,3.235067442012869,13.16756943522715
10200,4885.556673670868,0.05457965063490883,1.05,5.25478,3.257037782447245,13.16756943522715
10800,4918.097844205239,0.05389317511778396,1.05,5.25478,3.278731896136826,13.16756943522715
11400,4950.230148923958,0.05321532487035974,1.05,5.25478,3.300153432615972,13.16756943522715
12000,4981.958387188175,0.05254599864723314,1.05,5.25478,3.321305591458783,13.16756943522715
12600,5013.287800429294,0.05188508587726377,1.05,5.25478,3.342191866952863,13.16756943522715
13200,5044.223018424294,0.05123248889252847,1.05,5.25478,3.362815345616196,13.16756943522715
13800,5074.768912782156,0.05058810492351275,1.05,5.25478,3.383179275188104,13.16756943522715
14400,5104.930460823457,0.04995182897065268,1.05,5.25478,3.403286973882305,13.16756943522715
15000,5134.712447911567,0.04932356008383672,1.05,5.25478,3.423141631941045,13.16756943522715
15600,5164.11981772602,0.04870319397317897,1.05,5.25478,3.44274654515068,13.16756943522715
16200,5193.157373207124,0.0480906293177718,1.05,5.25478,3.462104915471416,13.16756943522715
16800,5221.829806004878,0.04748576714444349,1.05,5.25478,3.481219870669919,13.16756943522715
17400,5250.141783507374,0.04688850899184183,1.05,5.25478,3.50009452233825,13.16756943522715
18000,5278.097737455867,0.04629876136972601,1.05,5.25478,3.518731824970578,13.16756943522715
18600,5305.702119792844,0.04571643036169808,1.05,5.25478,3.537134746528563,13.16756943522715
19200,5332.959261474552,0.04514142460363742,1.05,5.25478,3.555306174316368,13.16756943522715
19800,5359.873509227921,0.04457365239873146,1.05,5.25478,3.573249006151948,13.16756943522715
20400,5386.449293407155,0.04401302028600001,1.05,5.25478,3.59096619560477,13.16756943522715
21000,5412.69089716658,0.0434594379097327,1.05,5.25478,3.608460598111053,13.16756943522715
21600,5438.60261467575,0.04291281468184623,1.05,5.25478,3.6257350764505,13.16756943522715
22200,5464.188438352988,0.04237306637988071,1.05,5.25478,3.642792292235325,13.16756943522715
22800,5489.452325922945,0.04184010951325991,1.05,5.25478,3.65963488394863,13.16756943522715
23400,5514.3983577647,0.04131385800393898,1.05,5.25478,3.676265571843134,13.16756943522715
24000,5539.030508635579,0.04079422800202727,1.05,5.25478,3.692687005757053,13.16756943522715
24600,5563.352915068254,0.04028113224488612,1.05,5.25478,3.708901943378836,13.16756943522715
25200,5587.369387767966,0.03977449034340209,1.05,5.25478,3.724912925178644,13.16756943522715
25800,5611.083786650082,0.03927422087034452,1.05,5.25478,3.740722524433388,13.16756943522715
26400,5634.499886224044,0.03878024420017206,1.05,5.25478,3.756333257482696,13.16756943522715
27000,5657.621440274667,0.03829248114454172,1.05,5.25478,3.771747626849778,13.16756943522715
27600,5680.45215492547,0.03781085352055424,1.05,5.25478,3.786968103283647,13.16756943522715
28200,5702.995700336197,0.03733528390398771,1.05,5.25478,3.801997133557465,13.16756943522715
28800,5725.255720157613,0.03686569542984305,1.05,5.25478,3.816837146771742,13.16756943522715
29400,5747.235774641008,0.03640201299248314,1.05,5.25478,3.831490516427339,13.16756943522715
30000,5768.939392326325,0.03594416215524077,1.05,5.25478,3.845959594884217,13.16756943522715
30600,5790.370055939314,0.03549206944792661,1.05,5.25478,3.860246703959542,13.16756943522715
31200,5811.531202391539,0.03504566236682904,1.05,5.25478,3.874354134927693,13.16756943522715
31800,5832.426222780374,0.03460486937471435,1.05,5.25478,3.888284148520249,13.16756943522715
32400,5853.058464556843,0.03416961985509465,1.05,5.25478,3.902038976371229,13.16756943522715
33000,5873.431228216032,0.03373984418204587,1.05,5.25478,3.915620818810688,13.16756943522715
33600,5893.547767079249,0.03331547372480299,1.05,5.25478,3.929031844719499,13.16756943522715
34200,5913.411289706203,0.03289644079687381,1.05,5.25478,3.942274193137469,13.16756943522715
34800,5933.024958915957,0.03248267867669254,1.05,5.25478,3.955349972610638,13.16756943522715
35400,5952.391891786925,0.03207412160761974,1.05,5.25478,3.968261261191283,13.16756943522715
36000,5971.515159656888,0.03167070479794214,1.05,5.25478,3.981010106437926,13.16756943522715
36600,5990.398030893424,0.03127235929948467,1.05,5.25478,3.993598687262283,13.16756943522715
37200,6009.043450338371,0.03087902298904186,1.05,5.25478,4.006028966892248,13.16756943522715
37800,6027.454347695017,0.030490634062765,1.05,5.25478,4.018302898463344,13.16756943522715
38400,6045.633654209702,0.03010713068425379,1.05,5.25478,4.030422436139801,13.16756943522715
39000,6063.58425906142,0.02972845190454391,1.05,5.25478,4.042389506040947,13.16756943522715
39600,6081.309009361809,0.02935453766210702,1.05,5.25478,4.054206006241206,13.16756943522715
40200,6098.810860363759,0.02898532561411028,1.05,5.25478,4.065873906909172,13.16756943522715
40800,6116.092677267127,0.02862075531744358,1.05,5.25478,4.077395118178085,13.16756943522715
41400,6133.157123175998,0.02826077059232841,1.05,5.25478,4.088771415450665,13.16756943522715
42000,6150.006918655084,0.02790531404681982,1.05,5.25478,4.100004612436722,13.16756943522715
42600,6166.644745723067,0.02755432910212447,1.05,5.25478,4.111096497148711,13.16756943522715
43200,6183.073247852596,0.02720775999260077,1.05,5.25478,4.122048831901731,13.16756943522715
43800,6199.295088179259,0.02686555053780563,1.05,5.25478,4.132863392119505,13.16756943522715
44400,6215.313014533678,0.02652764277060334,1.05,5.25478,4.143542009689119,13.16756943522715
45000,6231.129471272731,0.02619398512581896,1.05,5.25478,4.154086314181821,13.16756943522715
45600,6246.746983090319,0.02586452434351986,1.05,5.25478,4.16449798872688,13.16756943522715
46200,6262.168039264806,0.02553920791088536,1.05,5.25478,4.174778692843204,13.16756943522715
46800,6277.395093659017,0.02521798406220683,1.05,5.25478,4.184930062439345,13.16756943522715
47400,6292.43056513215,0.02490080177019821,1.05,5.25478,4.1949537100881,13.16756943522715
48000,6307.277049793602,0.02458760626837409,1.05,5.25478,4.204851366529068,13.16756943522715
48600,6321.936802870407,0.02427834998136704,1.05,5.25478,4.214624535246938,13.16756943522715
49200,6336.412165250696,0.02397298352673741,1.05,5.25478,4.224274776833798,13.16756943522715
49800,6350.705445037498,0.02367145821366696,1.05,5.25478,4.233803630024998,13.16756943522715
50400,6364.818917548723,0.02337372604295915,1.05,5.25478,4.243212611699149,13.16756943522715
51000,6378.754825317175,0.02307973970703899,1.05,5.25478,4.252503216878117,13.16756943522715
51600,6392.515512663596,0.02278944975105383,1.05,5.25478,4.261677008442398,13.16756943522715
52200,6406.103163656212,0.02250281010077401,1.05,5.25478,4.270735442437474,13.16756943522715
52800,6419.519911503706,0.02221977575488241,1.05,5.25478,4.27967994100247,13.16756943522715
53400,6432.767895812198,0.0219403015771042,1.05,5.25478,4.288511930541465,13.16756943522715
54000,6445.849225827183,0.02166434307164009,1.05,5.25478,4.297232817218122,13.16756943522715
54600,6458.765980433524,0.02139185638316654,1.05,5.25478,4.305843986955683,13.16756943522715
55200,6471.520283740171,0.02112279670233084,1.05,5.25478,4.314346855826781,13.16756943522715
55800,6484.114237157934,0.0208571196986111,1.05,5.25478,4.322742824771955,13.16756943522715
56400,6496.549787569471,0.02059478430134946,1.05,5.25478,4.33103319171298,13.16756943522715
57000,6508.828918724167,0.02033574866216246,1.05,5.25478,4.339219279149445,13.16756943522715
57600,6520.953586324902,0.02007997152432439,1.05,5.25478,4.347302390883268,13.16756943522715
58200,6532.92571802804,0.01982741222276767,1.05,5.25478,4.355283812018693,13.16756943522715
58800,6544.747234130493,0.01957803024767676,1.05,5.25478,4.363164822753662,13.16756943522715
59400,6556.420116445373,0.01933178379151497,1.05,5.25478,4.370946744296916,13.16756943522715
60000,6567.946173196128,0.01908863470872375,1.05,5.25478,4.378630782130752,13.16756943522715
60600,6579.327249258353,0.01884854408054549,1.05,5.25478,4.386218166172235,13.16756943522715
61200,6590.565166191025,0.01861147348010061,1.05,5.25478,4.393710110794017,13.16756943522715
61800,6601.661722557533,0.01837738496561531,1.05,5.25478,4.401107815038356,13.16756943522715
62400,6612.618694246691,0.01814624107364949,1.05,5.25478,4.408412462831127,13.16756943522715
63000,6623.437834793789,0.01791800481232414,1.05,5.25478,4.415625223195859,13.16756943522715
63600,6634.120875701597,0.01769263965454937,1.05,5.25478,4.422747250467731,13.16756943522715
64200,6644.669526761412,0.01747010953125195,1.05,5.25478,4.429779684507608,13.16756943522715
64800,6655.085476374075,0.01725037882460305,1.05,5.25478,4.436723650916051,13.16756943522715
65400,6665.370391871006,0.01703341236124599,1.05,5.25478,4.443580261247337,13.16756943522715
66000,6675.525919835224,0.01681917540552404,1.05,5.25478,4.450350613223483,13.16756943522715
66600,6685.553706716575,0.01660763322458981,1.05,5.25478,4.457035804477717,13.16756943522715
67200,6695.455359663846,0.01639875191467536,1.05,5.25478,4.463636906442564,13.16756943522715
67800,6705.232459129506,0.01619249813518758,1.05,5.25478,4.470154972753004,13.16756943522715
68400,6714.886575061594,0.01598883876713064,1.05,5.25478,4.476591050041063,13.16756943522715
69000,6724.419258618707,0.01578774108788319,1.05,5.25478,4.482946172412472,13.16756943522715
69600,6733.832042508531,0.01558917276405702,1.05,5.25478,4.489221361672354,13.16756943522715
70200,6743.126441326375,0.01539310184435531,1.05,5.25478,4.495417627550917,13.16756943522715
70800,6752.303951893709,0.01519949675243106,1.05,5.25478,4.50153596792914,13.16756943522715
71400,6761.366053596691,0.01500832627974563,1.05,5.25478,4.50757736906446,13.16756943522715
72000,6770.314208724709,0.01481955957842703,1.05,5.25478,4.513542805816472,13.16756943522715
72600,6779.149862808913,0.01463316615412828,1.05,5.25478,4.519433241872608,13.16756943522715
73200,6787.874366163681,0.01444911752115744,1.05,5.25478,4.525249577442453,13.16756943522715
73800,6796.489020625183,0.01426738621649938,1.05,5.25478,4.530992680416789,13.16756943522715
74400,6804.995316180419,0.01408794080798436,1.05,5.25478,4.536663544120279,13.16756943522715
75000,6813.394616689835,0.01391075252415791,1.05,5.25478,4.542263077793224,13.16756943522715
75600,6821.688269128951,0.01373579294976329,1.05,5.25478,4.547792179419301,13.16756943522715
76200,6829.87760384667,0.01356303402029218,1.05,5.25478,4.55325173589778,13.16756943522715
76800,6837.963934823625,0.01339244801653473,1.05,5.25478,4.55864262321575,13.16756943522715
77400,6845.948559930514,0.01322400755912986,1.05,5.25478,4.563965706620342,13.16756943522715
78000,6853.832761186421,0.01305768560311573,1.05,5.25478,4.569221840790947,13.16756943522715
78600,6861.617805017159,0.01289345543248,1.05,5.25478,4.574411870011439,13.16756943522715
79200,6869.304942513601,0.01273129065471006,1.05,5.25478,4.579536628342401,13.16756943522715
79800,6876.895404460083,0.01257116530567186,1.05,5.25478,4.584596936306722,13.16756943522715
80400,6884.390351460996,0.01241305490171939,1.05,5.25478,4.589593567640664,13.16756943522715
81000,6891.791029950946,0.01225693314856682,1.05,5.25478,4.594527353300631,13.16756943522715
81600,6899.098627571581,0.01210277499220094,1.05,5.25478,4.599399085047721,13.16756943522715
82200,6906.314317470134,0.01195055568437705,1.05,5.25478,4.604209544980089,13.16756943522715
82800,6913.439258539075,0.01180025077756309,1.05,5.25478,4.608959505692717,13.16756943522715
83400,6920.474595655775,0.01165183611988403,1.05,5.25478,4.613649730437183,13.16756943522715
84000,6927.421459922153,0.01150528785006621,1.05,5.25478,4.618280973281435,13.16756943522715
84600,6934.280968904341,0.01136058239238158,1.05,5.25478,4.622853979269561,13.16756943522715
85200,6941.054226872331,0.01121769645159204,1.05,5.25478,4.627369484581554,13.16756943522715
85800,6947.742325039646,0.01107660700789364,1.05,5.25478,4.631828216693097,13.16756943522715
86400,6954.346341802987,0.0109372913118609,1.05,5.25478,4.636230894535324,13.16756943522715
87000,6960.867228531944,0.01079972929378153,1.05,5.25478,4.640578152354629,13.16756943522715
87600,6967.306077685515,0.01066389790757745,1.05,5.25478,4.644870718457009,13.16756943522715
88200,6973.6639442428,0.01052977489783159,1.05,5.25478,4.649109296161867,13.16756943522715
88800,6979.941847306076,0.01039733876596994,1.05,5.25478,4.653294564870717,13.16756943522715
89400,6986.140793413464,0.01026656827846693,1.05,5.25478,4.657427195608976,13.16756943522715
90000,6992.261776741677,0.01013744246256827,1.05,5.25478,4.661507851161118,13.16756943522715
90600,6998.305779308782,0.01000994060201365,1.05,5.25478,4.665537186205855,13.16756943522715
91200,7004.273771176949,0.009884042232759549,1.05,5.25478,4.669515847451299,13.16756943522715
91800,7010.166710655202,0.00975972713870211,1.05,5.25478,4.673444473770135,13.16756943522715
92400,7015.985544502185,0.009636975347399712,1.05,5.25478,4.67732369633479,13.16756943522715
93000,7021.731208128898,0.00951576712579601,1.05,5.25478,4.681154138752599,13.16756943522715
93600,7027.404590647987,0.009396083717526326,1.05,5.25478,4.684936393765325,13.16756943522715
94200,7033.00658871306,0.009277906207144752,1.05,5.25478,4.68867105914204,13.16756943522715
94800,7038.538127113879,0.009161215085656458,1.05,5.25478,4.692358751409253,13.16756943522715
95400,7044.000092776945,0.00904599164281468,1.05,5.25478,4.696000061851297,13.16756943522715
96000,7049.393361820069,0.008932217396388551,1.05,5.25478,4.699595574546713,13.16756943522715
96600,7054.718799736183,0.008819874088285377,1.05,5.25478,4.703145866490789,13.16756943522715
97200,7059.977261577172,0.008708943680672619,1.05,5.25478,4.706651507718115,13.16756943522715
97800,7065.169592137702,0.00859940835209989,1.05,5.25478,4.710113061425135,13.16756943522715
98400,7070.296626139053,0.008491250493620992,1.05,5.25478,4.713531084092702,13.16756943522715
99000,7075.359188412934,0.008384452704916112,1.05,5.25478,4.716906125608623,13.16756943522715
99600,7080.358094085321,0.008278997790413705,1.05,5.25478,4.720238729390214,13.16756943522715
100200,7085.294129274662,0.008174869166473435,1.05,5.25478,4.723529419516441,13.16756943522715
100800,7090.16802727824,0.008072051363749161,1.05,5.25478,4.726778684852159,13.16756943522715
101400,7094.980621410303,0.007970526802976819,1.05,5.25478,4.729987080940202,13.16756943522715
102000,7099.732683408147,0.007870279203895098,1.05,5.25478,4.733155122272098,13.16756943522715
102600,7104.424975619987,0.007771292484310998,1.05,5.25478,4.736283317079991,13.16756943522715
103200,7109.058251164495,0.007673550756734275,1.05,5.25478,4.739372167442997,13.16756943522715
103800,7113.633254090341,0.007577038325011781,1.05,5.25478,4.742422169393561,13.16756943522715
104400,7118.150719535732,0.007481739680962019,1.05,5.25478,4.745433813023821,13.16756943522715
105000,7122.611373887949,0.007387639501009362,1.05,5.25478,4.748407582591966,13.16756943522715
105600,7127.015934942892,0.007294722642818724,1.05,5.25478,4.751343956628594,13.16756943522715
106200,7131.365112064612,0.007202974141929772,1.05,5.25478,4.754243408043075,13.16756943522715
106800,7135.65960634485,0.007112379208391576,1.05,5.25478,4.7571064042299,13.16756943522715
107400,7139.900030334486,0.00702292492007582,1.05,5.25478,4.759933353556324,13.16756943522715
108000,7144.087114954401,0.006934595857767927,1.05,5.25478,4.762724743302934,13.16756943522715
108600,7148.221535135916,0.006847377783386764,1.05,5.25478,4.765481023423944,13.16756943522715
109200,7152.303954304702,0.006761256701569728,1.05,5.25478,4.768202636203134,13.16756943522715
109800,7156.335027851872,0.006676218786448044,1.05,5.25478,4.770890018567915,13.16756943522715
110400,7160.315403271588,0.006592250378743883,1.05,5.25478,4.773543602181059,13.16756943522715
111000,7164.245720298657,0.006509337982867637,1.05,5.25478,4.776163813532438,13.16756943522715
111600,7168.12661104612,0.006427468264015461,1.05,5.25478,4.778751074030747,13.16756943522715
112200,7171.958700142872,0.006346628045266024,1.05,5.25478,4.781305800095248,13.16756943522715
112800,7175.74260487124,0.006266804304678281,1.05,5.25478,4.783828403247493,13.16756943522715
113400,7179.47893530459,0.006187984172388496,1.05,5.25478,4.78631929020306,13.16756943522715
114000,7183.168244548582,0.006110155980300933,1.05,5.25478,4.788778829699055,13.16756943522715
114600,7186.811130368967,0.006033307118188404,1.05,5.25478,4.791207420245978,13.16756943522715
115200,7190.408197540924,0.005957424827955674,1.05,5.25478,4.793605465027283,13.16756943522715
115800,7193.960023085573,0.005882496936995977,1.05,5.25478,4.795973348723716,13.16756943522715
116400,7197.467176988436,0.00580851142112273,1.05,5.25478,4.798311451325624,13.16756943522715
117000,7200.930222316656,0.005735456402096752,1.05,5.25478,4.800620148211104,13.16756943522715
117600,7204.349715336199,0.005663320145153685,1.05,5.25478,4.802899810224132,13.16756943522715
118200,7207.726205629064,0.005592091056531517,1.05,5.25478,4.805150803752709,13.16756943522715
118800,7211.060236210483,0.005521757680998125,1.05,5.25478,4.807373490806989,13.16756943522715
119400,7214.352343646137,0.005452308699378536,1.05,5.25478,4.809568229097425,13.16756943522715
120000,7217.603058169359,0.005383732926082448,1.05,5.25478,4.811735372112906,13.16756943522715
120600,7220.812882678495,0.00531601975216754,1.05,5.25478,4.813875255118996,13.16756943522715
121200,7223.98230781325,0.005249158827294795,1.05,5.25478,4.815988205208834,13.16756943522715
121800,7227.111869749396,0.005183138840514639,1.05,5.25478,4.81807457983293,13.16756943522715
122400,7230.202070341736,0.005117949204898869,1.05,5.25478,4.820134713561157,13.16756943522715
123000,7233.253405304653,0.005053579463055157,1.05,5.25478,4.822168936869769,13.16756943522715
123600,7236.26636431351,0.004990019284987902,1.05,5.25478,4.824177576209006,13.16756943522715
124200,7239.241431106078,0.004927258465958603,1.05,5.25478,4.826160954070719,13.16756943522715
124800,7242.179083583935,0.004865286924346747,1.05,5.25478,4.828119389055956,13.16756943522715
125400,7245.079793913887,0.004804094699510206,1.05,5.25478,4.830053195942591,13.16756943522715
126000,7247.944028629372,0.004743671949646214,1.05,5.25478,4.831962685752915,13.16756943522715
126600,7250.77224873189,0.004684008949651543,1.05,5.25478,4.83384816582126,13.16756943522715
127200,7253.564905528462,0.004625096178933763,1.05,5.25478,4.835709937018975,13.16756943522715
127800,7256.32240613404,0.004566925049158744,1.05,5.25478,4.837548270756026,13.16756943522715
128400,7259.045224177868,0.004509485568833352,1.05,5.25478,4.839363482785246,13.16756943522715
129000,7261.733796195937,0.00445276852896899,1.05,5.25478,4.841155864130624,13.16756943522715
129600,7264.388553381757,0.004396764833279794,1.05,5.25478,4.842925702254505,13.16756943522715
130200,7267.009921674905,0.004341465496314868,1.05,5.25478,4.844673281116603,13.16756943522715
130800,7269.598321849558,0.004286861641590476,1.05,5.25478,4.846398881233038,13.16756943522715
131400,7272.154169603031,0.004232944499722289,1.05,5.25478,4.848102779735354,13.16756943522715
132000,7274.677875644324,0.004179705406557605,1.05,5.25478,4.849785250429549,13.16756943522715
132600,7277.169845782645,0.004127135801307632,1.05,5.25478,4.851446563855097,13.16756943522715
133200,7279.630481015965,0.004075227224679602,1.05,5.25478,4.853086987343977,13.16756943522715
133800,7282.060177619544,0.004023971317009128,1.05,5.25478,4.854706785079697,13.16756943522715
134400,7284.459292966046,0.003973360539305486,1.05,5.25478,4.856306195310697,13.16756943522715
135000,7286.828226454507,0.003923386466006305,1.05,5.25478,4.857885484303004,13.16756943522715
135600,7289.167364330904,0.003874040949020982,1.05,5.25478,4.859444909553936,13.16756943522715
136200,7291.477081758651,0.003825316074052189,1.05,5.25478,4.860984721172434,13.16756943522715
136800,7293.757749337405,0.003777204023077848,1.05,5.25478,4.862505166224937,13.16756943522715
137400,7296.009733180425,0.003729697072719028,1.05,5.25478,4.864006488786949,13.16756943522715
138000,7298.233394991938,0.003682787592608074,1.05,5.25478,4.865488929994625,13.16756943522715
138600,7300.429092144501,0.003636468043756468,1.05,5.25478,4.866952728096334,13.16756943522715
139200,7302.597177756353,0.003590730976923078,1.05,5.25478,4.868398118504235,13.16756943522715
139800,7304.738000768781,0.003545569030982096,1.05,5.25478,4.869825333845854,13.16756943522715
140400,7306.851906023484,0.003500974931290984,1.05,5.25478,4.871234604015656,13.16756943522715
141000,7308.939214694743,0.003456941902485578,1.05,5.25478,4.872626143129828,13.16756943522715
141600,7311.000255268821,0.003413463014951048,1.05,5.25478,4.874000170179214,13.16756943522715
142200,7313.035372576242,0.003370530994280616,1.05,5.25478,4.875356915050828,13.16756943522715
142800,7315.044893033269,0.003328138954527367,1.05,5.25478,4.876696595355512,13.16756943522715
143400,7317.029139083849,0.003286280093542737,1.05,5.25478,4.878019426055899,13.16756943522715
144000,7318.988429266656,0.003244947691562338,1.05,5.25478,4.879325619511103,13.16756943522715
144600,7320.923078282091,0.003204135109792333,1.05,5.25478,4.880615385521394,13.16756943522715
145200,7322.833397059322,0.003163835788995366,1.05,5.25478,4.881888931372881,13.16756943522715
145800,7324.719692823291,0.003124043248076978,1.05,5.25478,4.883146461882194,13.16756943522715
146400,7326.582269161742,0.003084751082671537,1.05,5.25478,4.884388179441162,13.16756943522715
147000,7328.421426092244,0.003045952963728469,1.05,5.25478,4.885614284061496,13.16756943522715
147600,7330.237452362984,0.003007642799931418,1.05,5.25478,4.88682496824199,13.16756943522715
148200,7332.030617683763,0.002969814901590398,1.05,5.25478,4.888020411789175,13.16756943522715
148800,7333.801229088259,0.002932462791645721,1.05,5.25478,4.889200819392173,13.16756943522715
149400,7335.549570545956,0.002895580479590717,1.05,5.25478,4.890366380363971,13.16756943522715
150000,7337.275922562071,0.002859162047999562,1.05,5.25478,4.891517281708047,13.16756943522715
150600,7338.980562235343,0.002823201651308082,1.05,5.25478,4.892653708156896,13.16756943522715
151200,7340.663763315811,0.002787693514594976,1.05,5.25478,4.89377584221054,13.16756943522715
151800,7342.325796262602,0.002752631932362638,1.05,5.25478,4.894883864175068,13.16756943522715
152400,7343.966928301727,0.00271801126731807,1.05,5.25478,4.895977952201152,13.16756943522715
153000,7345.587423483854,0.002683825949154016,1.05,5.25478,4.897058282322569,13.16756943522715
153600,7347.187542742098,0.002650070473329779,1.05,5.25478,4.898125028494732,13.16756943522715
154200,7348.767543949805,0.002616739399852486,1.05,5.25478,4.899178362633203,13.16756943522715
154800,7350.327652736459,0.002583827968932746,1.05,5.25478,4.900218435157639,13.16756943522715
155400,7351.868138134776,0.002551330505164005,1.05,5.25478,4.901245425423184,13.16756943522715
156000,7353.389248083701,0.00251924177812547,1.05,5.25478,4.902259498722468,13.16756943522715
156600,7354.891226578773,0.002487556640584826,1.05,5.25478,4.903260817719182,13.16756943522715
157200,7356.374314643705,0.002456270008002266,1.05,5.25478,4.904249543095803,13.16756943522715
157800,7357.838750380311,0.002425376857477113,1.05,5.25478,4.905225833586874,13.16756943522715
158400,7359.284769018412,0.002394872226695188,1.05,5.25478,4.906189846012275,13.16756943522715
159000,7360.712602965752,0.002364751212875672,1.05,5.25478,4.907141735310502,13.16756943522715
159600,7362.122481857914,0.00233500897171818,1.05,5.25478,4.908081654571943,13.16756943522715
160200,7363.514632608229,0.002305640716349826,1.05,5.25478,4.909009755072153,13.16756943522715
160800,7364.8892794577,0.002276641716272152,1.05,5.25478,4.909926186305133,13.16756943522715
161400,7366.246627632801,0.00224800764210946,1.05,5.25478,4.910831085088534,13.16756943522715
162000,7367.586897210287,0.002219733851210658,1.05,5.25478,4.911724598140191,13.16756943522715
162600,7368.910309507905,0.00219181567474503,1.05,5.25478,4.91260687300527,13.16756943522715
163200,7370.217076770457,0.002164248635281146,1.05,5.25478,4.913478051180304,13.16756943522715
163800,7371.507408653873,0.002137028310001369,1.05,5.25478,4.914338272435915,13.16756943522715
164400,7372.781512268556,0.002110150329787448,1.05,5.25478,4.915187674845704,13.16756943522715
165000,7374.039592222714,0.002083610378306494,1.05,5.25478,4.916026394815143,13.16756943522715
165600,7375.281850665699,0.002057404191096685,1.05,5.25478,4.916854567110466,13.16756943522715
166200,7376.508487331333,0.00203152755465313,1.05,5.25478,4.917672324887555,13.16756943522715
166800,7377.719699581252,0.002005976305513741,1.05,5.25478,4.918479799720835,13.16756943522715
167400,7378.915682448236,0.001980746329344984,1.05,5.25478,4.919277121632158,13.16756943522715
168000,7380.096620911863,0.001955833723891683,1.05,5.25478,4.920064413941242,13.16756943522715
168600,7381.262696111962,0.00193123466790048,1.05,5.25478,4.920841797407975,13.16756943522715
169200,7382.414104846988,0.00190694500978987,1.05,5.25478,4.921609403231326,13.16756943522715
169800,7383.551031759461,0.001882960854415105,1.05,5.25478,4.922367354506307,13.16756943522715
170400,7384.673659238988,0.001859278354157996,1.05,5.25478,4.923115772825992,13.16756943522715
171000,7385.782167459966,0.001835893708131534,1.05,5.25478,4.923854778306644,13.16756943522715
171600,7386.876734419273,0.001812803161384782,1.05,5.25478,4.924584489612848,13.16756943522715
172200,7387.957535973967,0.001790003004107584,1.05,5.25478,4.925305023982644,13.16756943522715
172800,7389.024745878985,0.001767489570835296,1.05,5.25478,4.926016497252657,13.16756943522715
173400,7390.078535824841,0.001745259239653478,1.05,5.25478,4.926719023883227,13.16756943522715
174000,7391.119075475323,0.001723308431402766,1.05,5.25478,4.927412716983549,13.16756943522715
174600,7392.146530675428,0.001701633647483432,1.05,5.25478,4.928097687116952,13.16756943522715
175200,7393.161050785062,0.001680231737058639,1.05,5.25478,4.928774033856708,13.16756943522715
175800,7394.162810542141,0.001659099013927207,1.05,5.25478,4.929441873694761,13.16756943522715
176400,7395.151970584641,0.001638232089334633,1.05,5.25478,4.930101313723094,13.16756943522715
177000,7396.128689589586,0.001617627615893925,1.05,5.25478,4.93075245972639,13.16756943522715
177600,7397.09312430577,0.001597282286895188,1.05,5.25478,4.931395416203847,13.16756943522715
178200,7398.045429586488,0.001577192835615278,1.05,5.25478,4.932030286390992,13.16756943522715
178800,7398.985758422252,0.001557356034627537,1.05,5.25478,4.932657172281501,13.16756943522715
179400,7399.914261973523,0.001537768695111336,1.05,5.25478,4.933276174649015,13.16756943522715
180000,7400.831089603435,0.001518427666161788,1.05,5.25478,4.933887393068956,13.16756943522715
180600,7401.736388910515,0.001499329834099317,1.05,5.25478,4.934490925940343,13.16756943522715
181200,7402.630305761421,0.001480472121779349,1.05,5.25478,4.935086870507615,13.16756943522715
181800,7403.512970634827,0.00146185177667594,1.05,5.25478,4.935675313756551,13.16756943522715
182400,7404.384531212927,0.001443465683344566,1.05,5.25478,4.936256354141952,13.16756943522715
183000,7405.245129635739,0.001425310843256302,1.05,5.25478,4.936830086423826,13.16756943522715
183600,7406.094903946305,0.001407384344310321,1.05,5.25478,4.93739660263087,13.16756943522715
184200,7406.93399050774,0.001389683309844931,1.05,5.25478,4.937955993671826,13.16756943522715
184800,7407.762524031553,0.001372204898039963,1.05,5.25478,4.938508349354368,13.16756943522715
185400,7408.580637605977,0.001354946301319342,1.05,5.25478,4.939053758403984,13.16756943522715
186000,7409.388462724296,0.001337904745753331,1.05,5.25478,4.939592308482864,13.16756943522715
186600,7410.186129313172,0.00132107749046103,1.05,5.25478,4.940124086208781,13.16756943522715
187200,7410.973765760974,0.001304461827012783,1.05,5.25478,4.940649177173983,13.16756943522715
187800,7411.751498946102,0.001288055078832604,1.05,5.25478,4.941167665964068,13.16756943522715
188400,7412.519446846541,0.00127185475710412,1.05,5.25478,4.941679631231027,13.16756943522715
189000,7413.277730574278,0.001255858306897244,1.05,5.25478,4.942185153716186,13.16756943522715
189600,7414.026476900454,0.001240063053898775,1.05,5.25478,4.942684317933637,13.16756943522715
190200,7414.765805911497,0.001224466464813413,1.05,5.25478,4.943177203940999,13.16756943522715
190800,7415.495836229618,0.001209066037234461,1.05,5.25478,4.943663890819746,13.16756943522715
191400,7416.216685037317,0.00119385929912678,1.05,5.25478,4.944144456691545,13.16756943522715
192000,7416.928468101899,0.001178843808309575,1.05,5.25478,4.944618978734599,13.16756943522715
192600,7417.631299799978,0.00116401715193957,1.05,5.25478,4.945087533199986,13.16756943522715
193200,7418.325293141991,0.001149376945993808,1.05,5.25478,4.945550195427994,13.16756943522715
193800,7419.010559796699,0.001134920834752756,1.05,5.25478,4.946007039864465,13.16756943522715
194400,7419.687210115701,0.001120646490283216,1.05,5.25478,4.946458140077134,13.16756943522715
195000,7420.355350282585,0.00110655167257868,1.05,5.25478,4.946903566855057,13.16756943522715
195600,7421.015080022182,0.001092634277884063,1.05,5.25478,4.947343386681455,13.16756943522715
196200,7421.666511926336,0.001078891931006783,1.05,5.25478,4.947777674617558,13.16756943522715
196800,7422.309750459512,0.001065322428206327,1.05,5.25478,4.948206500306341,13.16756943522715
197400,7422.94489881041,0.001051923592655094,1.05,5.25478,4.948629932540274,13.16756943522715
198000,7423.572058913199,0.001038693273990721,1.05,5.25478,4.949048039275466,13.16756943522715
198600,7424.191331468757,0.001025629347867671,1.05,5.25478,4.949460887645838,13.16756943522715
199200,7424.802815965918,0.001012729715509377,1.05,5.25478,4.949868543977279,13.16756943522715
199800,7425.406610702702,0.0009999923032600782,1.05,5.25478,4.950271073801801,13.16756943522715
200400,7426.002812807566,0.0009874150621367152,1.05,5.25478,4.95066854187171,13.16756943522715
201000,7426.591518260636,0.0009749959673809281,1.05,5.25478,4.951061012173757,13.16756943522715
201600,7427.172821914953,0.000962733018010913,1.05,5.25478,4.951448547943301,13.16756943522715
202200,7427.746806957622,0.000950624459144783,1.05,5.25478,4.951831204638414,13.16756943522715
202800,7428.313572376516,0.0009386682025739537,1.05,5.25478,4.952209048251011,13.16756943522715
203400,7428.873209279265,0.0009268623263283188,1.05,5.25478,4.95258213951951,13.16756943522715
204000,7429.425807432186,0.0009152049367335712,1.05,5.25478,4.952950538288124,13.16756943522715
204600,7429.971455509052,0.0009036941631632362,1.05,5.25478,4.953314303672702,13.16756943522715
205200,7430.510241109526,0.0008923281576498812,1.05,5.25478,4.953673494073017,13.16756943522715
205800,7431.04225077759,0.0008811050944962698,1.05,5.25478,4.954028167185061,13.16756943522715
206400,7431.567570019984,0.0008700231698864264,1.05,5.25478,4.954378380013322,13.16756943522715
207000,7432.086283324647,0.0008590806014965892,1.05,5.25478,4.954724188883097,13.16756943522715
207600,7432.598474179134,0.0008482756281066395,1.05,5.25478,4.955065649452756,13.16756943522715
208200,7433.104225089073,0.0008376065092109456,1.05,5.25478,4.955402816726049,13.16756943522715
208800,7433.603611414126,0.0008270716550521502,1.05,5.25478,4.95573574094275,13.16756943522715
209400,7434.096714312862,0.0008166693535415834,1.05,5.25478,4.956064476208574,13.16756943522715
210000,7434.583615154739,0.0008063978881416733,1.05,5.25478,4.956389076769826,13.16756943522715
210600,7435.06439203223,0.0007962556114448853,1.05,5.25478,4.956709594688153,13.16756943522715
211200,7435.53912208648,0.0007862408961124311,1.05,5.25478,4.957026081390987,13.16756943522715
211800,7436.00788152331,0.0007763521345368463,1.05,5.25478,4.957338587682207,13.16756943522715
212400,7436.470745629201,0.0007665877385046224,1.05,5.25478,4.9576471637528,13.16756943522715
213000,7436.927788787306,0.0007569461388585114,1.05,5.25478,4.957951859191537,13.16756943522715
213600,7437.379084493435,0.0007474257851602851,1.05,5.25478,4.958252722995623,13.16756943522715
214200,7437.824705372063,0.0007380251453530946,1.05,5.25478,4.958549803581375,13.16756943522715
214800,7438.264723192323,0.0007287427054240289,1.05,5.25478,4.958843148794882,13.16756943522715
215400,7438.699205861156,0.0007195770328353865,1.05,5.25478,4.959132803907437,13.16756943522715
216000,7439.128220086581,0.0007105267203415133,1.05,5.25478,4.959418813391054,13.16756943522715
216600,7439.551838317196,0.0007015902395957528,1.05,5.25478,4.959701225544797,13.16756943522715
217200,7439.970128490132,0.0006927661574235572,1.05,5.25478,4.959980085660088,13.16756943522715
217800,7440.383157713962,0.0006840530581293388,1.05,5.25478,4.960255438475975,13.16756943522715
218400,7440.790992282544,0.0006754495432043586,1.05,5.25478,4.960527328188363,13.16756943522715
219000,7441.193697688909,0.0006669542310338329,1.05,5.25478,4.960795798459273,13.16756943522715
219600,7441.591338639114,0.0006585657566046939,1.05,5.25478,4.961060892426076,13.16756943522715
220200,7441.983979066117,0.0006502827712128055,1.05,5.25478,4.961322652710745,13.16756943522715
220800,7442.371682143638,0.0006421039421706518,1.05,5.25478,4.961581121429092,13.16756943522715
221400,7442.75451030003,0.0006340279525146798,1.05,5.25478,4.96183634020002,13.16756943522715
222000,7443.132524481003,0.0006260535165585497,1.05,5.25478,4.962088349654002,13.16756943522715
222600,7443.505779670919,0.0006181794743741557,1.05,5.25478,4.96233718644728,13.16756943522715
223200,7443.874340175762,0.0006104044693881951,1.05,5.25478,4.962582893450508,13.16756943522715
223800,7444.238265097136,0.0006027272548168548,1.05,5.25478,4.962825510064757,13.16756943522715
224400,7444.597612814802,0.0005951465991040458,1.05,5.25478,4.963065075209868,13.16756943522715
225000,7444.952440998702,0.000587661285667782,1.05,5.25478,4.963301627332468,13.16756943522715
225600,7445.302806620954,0.0005802701126470128,1.05,5.25478,4.963535204413969,13.16756943522715
226200,7445.648765967885,0.0005729718926478745,1.05,5.25478,4.96376584397859,13.16756943522715
226800,7445.990374652029,0.0005657654524906684,1.05,5.25478,4.963993583101352,13.16756943522715
227400,7446.327687624136,0.0005586496329562761,1.05,5.25478,4.964218458416091,13.16756943522715
228000,7446.660759185194,0.0005516232885328099,1.05,5.25478,4.964440506123463,13.16756943522715
228600,7446.989642998436,0.0005446852871621741,1.05,5.25478,4.964659761998957,13.16756943522715
229200,7447.314384502713,0.0005378346702845556,1.05,5.25478,4.964876256335143,13.16756943522715
229800,7447.635039141829,0.0005310702682796182,1.05,5.25478,4.965090026094552,13.16756943522715
230400,7447.951659353174,0.0005243909749491649,1.05,5.25478,4.96530110623545,13.16756943522715
231000,7448.264295699474,0.0005177957236421753,1.05,5.25478,4.965509530466316,13.16756943522715
231600,7448.572998104662,0.0005112834611832841,1.05,5.25478,4.965715332069775,13.16756943522715
232200,7448.877815863488,0.000504853147670201,1.05,5.25478,4.965918543908992,13.16756943522715
232800,7449.17879765112,0.0004985037562710204,1.05,5.25478,4.966119198434081,13.16756943522715
233400,7449.475991532761,0.0004922342730214769,1.05,5.25478,4.966317327688508,13.16756943522715
234000,7449.769444973246,0.0004860436966223824,1.05,5.25478,4.966512963315497,13.16756943522715
234600,7450.059204846653,0.0004799310382369367,1.05,5.25478,4.966706136564436,13.16756943522715
235200,7450.345317445916,0.0004738953212879278,1.05,5.25478,4.966896878297278,13.16756943522715
235800,7450.627828492416,0.0004679355812553695,1.05,5.25478,4.967085218994944,13.16756943522715
236400,7450.906783145606,0.0004620508654735568,1.05,5.25478,4.967271188763737,13.16756943522715
237000,7451.18222601261,0.0004562402329283759,1.05,5.25478,4.96745481734174,13.16756943522715
237600,7451.454201157821,0.0004505027540550509,1.05,5.25478,4.967636134105215,13.16756943522715
238200,7451.722752112527,0.0004448375105349624,1.05,5.25478,4.967815168075018,13.16756943522715
238800,7451.987921884504,0.0004392435950932668,1.05,5.25478,4.967991947923002,13.16756943522715
239400,7452.249752967625,0.0004337201112961702,1.05,5.25478,4.968166501978416,13.16756943522715
240000,7452.508287351471,0.0004282661733482928,1.05,5.25478,4.968338858234314,13.16756943522715
240600,7452.763566530936,0.0004228809058899787,1.05,5.25478,4.968509044353958,13.16756943522715
241200,7453.015631515833,0.0004175634437945882,1.05,5.25478,4.968677087677221,13.16756943522715
241800,7453.264522840501,0.0004123129319659165,1.05,5.25478,4.968843015227001,13.16756943522715
242400,7453.510280347205,0.000407128529907477,1.05,5.25478,4.969006853564804,13.16756943522715
243000,7453.752943136564,0.0004020094127682933,1.05,5.25478,4.969168628757709,13.16756943522715
243600,7453.992550896617,0.0003969547433053231,1.05,5.25478,4.969328367264412,13.16756943522715
244200,7454.229142330305,0.0003919637050568053,1.05,5.25478,4.96948609488687,13.16756943522715
244800,7454.462755711426,0.0003870354906140346,1.05,5.25478,4.969641837140951,13.16756943522715
245400,7454.693428894202,0.0003821693014194716,1.05,5.25478,4.969795619262801,13.16756943522715
246000,7454.921199322824,0.0003773643475654353,1.05,5.25478,4.969947466215216,13.16756943522715
246600,7455.146104041021,0.0003726198475922319,1.05,5.25478,4.970097402694014,13.16756943522715
247200,7455.368179701606,0.0003679350282867927,1.05,5.25478,4.970245453134404,13.16756943522715
247800,7455.587462576043,0.0003633091244808384,1.05,5.25478,4.970391641717361,13.16756943522715
248400,7455.803988563993,0.0003587413788494269,1.05,5.25478,4.970535992375996,13.16756943522715
249000,7456.01779320288,0.0003542310417093176,1.05,5.25478,4.97067852880192,13.16756943522715
249600,7456.228911677445,0.0003497773708173008,1.05,5.25478,4.97081927445163,13.16756943522715
250200,7456.437378829301,0.0003453796311685983,1.05,5.25478,4.970958252552867,13.16756943522715
250800,7456.643229166484,0.0003410370947955016,1.05,5.25478,4.97109548611099,13.16756943522715
251400,7456.846496873027,0.0003367490405653734,1.05,5.25478,4.971230997915352,13.16756943522715
252000,7457.047215818501,0.0003325147539792124,1.05,5.25478,4.971364810545667,13.16756943522715
252600,7457.245419567576,0.0003283335269702366,1.05,5.25478,4.971496946378385,13.16756943522715
253200,7457.44114138958,0.0003242046577019573,1.05,5.25478,4.971627427593054,13.16756943522715
253800,7457.634414268055,0.0003201274503668174,1.05,5.25478,4.971756276178703,13.16756943522715
254400,7457.825270910314,0.0003161012149843737,1.05,5.25478,4.97188351394021,13.16756943522715
255000,7458.013663376443,0.0003121269628759001,1.05,5.25478,4.972009108917629,13.16756943522715
255600,7458.199683184556,0.000308202763411864,1.05,5.25478,4.972133122123037,13.16756943522715
256200,7458.383363505542,0.0003043279168324807,1.05,5.25478,4.972255575670361,13.16756943522715
256800,7458.564733997071,0.000300501797491379,1.05,5.25478,4.97237648933138,13.16756943522715
257400,7458.74382397181,0.0002967237870202734,1.05,5.25478,4.972495882647873,13.16756943522715
258000,7458.920662404023,0.0002929932741897028,1.05,5.25478,4.972613774936015,13.16756943522715
258600,7459.09527793618,0.0002893096547695313,1.05,5.25478,4.972730185290787,13.16756943522715
259200,7459.267698885566,0.0002856723313896327,1.05,5.25478,4.972845132590377,13.16756943522715
259800,7459.437953250889,0.0002820807134005372,1.05,5.25478,4.972958635500593,13.16756943522715
260400,7459.606068718884,0.0002785342167339149,1.05,5.25478,4.973070712479256,13.16756943522715
261000,7459.772072670919,0.0002750322637633508,1.05,5.25478,4.973181381780613,13.16756943522715
261600,7459.93599218961,0.0002715742831648459,1.05,5.25478,4.97329066145974,13.16756943522715
262200,7460.097854065422,0.0002681597097774647,1.05,5.25478,4.973398569376948,13.16756943522715
262800,7460.257684803274,0.0002647879844640374,1.05,5.25478,4.973505123202183,13.16756943522715
263400,7460.415510629156,0.0002614585539715881,1.05,5.25478,4.973610340419437,13.16756943522715
264000,7460.571357496725,0.0002581708707920916,1.05,5.25478,4.97371423833115,13.16756943522715
264600,7460.725251093918,0.0002549243930231387,1.05,5.25478,4.973816834062612,13.16756943522715
265200,7460.877216849561,0.0002517185842284016,1.05,5.25478,4.973918144566373,13.16756943522715
265800,7461.027279939971,0.0002485529132983356,1.05,5.25478,4.974018186626648,13.16756943522715
266400,7461.175447093689,0.0002454272382903582,1.05,5.25478,4.974116964729126,13.16756943522715
267000,7461.321729036124,0.0002423413329455434,1.05,5.25478,4.974214486024082,13.16756943522715
267600,7461.466172145815,0.0002392942188807319,1.05,5.25478,4.974310781430543,13.16756943522715
268200,7461.6087996047,0.0002362854070590947,1.05,5.25478,4.974405866403133,13.16756943522715
268800,7461.7496343171,0.0002333144143001846,1.05,5.25478,4.9744997562114,13.16756943522715
269400,7461.888698914936,0.0002303807631700693,1.05,5.25478,4.974592465943291,13.16756943522715
270000,7462.026015762929,0.0002274839818715554,1.05,5.25478,4.97468401050862,13.16756943522715
270600,7462.161606963809,0.000224623604134249,1.05,5.25478,4.97477440464254,13.16756943522715
271200,7462.295494363527,0.0002217991691047792,1.05,5.25478,4.974863662909017,13.16756943522715
271800,7462.42769955645,0.0002190102212369493,1.05,5.25478,4.9749517997043,13.16756943522715
272400,7462.558243890579,0.0002162563101818887,1.05,5.25478,4.975038829260386,13.16756943522715
273000,7462.687148472753,0.0002135369906781852,1.05,5.25478,4.975124765648502,13.16756943522715
273600,7462.814434173854,0.0002108518224420368,1.05,5.25478,4.97520962278257,13.16756943522715
274200,7462.940121634014,0.0002082003700574933,1.05,5.25478,4.975293414422675,13.16756943522715
274800,7463.064231267827,0.0002055822028664079,1.05,5.25478,4.975376154178552,13.16756943522715
275400,7463.186783269545,0.0002029968948589703,1.05,5.25478,4.97545785551303,13.16756943522715
276000,7463.3077976183,0.000200444024563385,1.05,5.25478,4.975538531745533,13.16756943522715
276600,7463.427294083295,0.0001979231749364226,1.05,5.25478,4.97561819605553,13.16756943522715
277200,7463.545292229027,0.0001954339332533345,1.05,5.25478,4.975696861486018,13.16756943522715
277800,7463.661811420478,0.0001929758909981501,1.05,5.25478,4.975774540946985,13.16756943522715
278400,7463.776846628087,0.0001905491542725213,1.05,5.25478,4.975851231085391,13.16756943522715
279000,7463.890432073481,0.0001881530011506766,1.05,5.25478,4.975926954715654,13.16756943522715
279600,7464.002589049771,0.0001857869824416412,1.05,5.25478,4.97600172603318,13.16756943522715
280200,7464.11333552925,0.0001834507190091608,1.05,5.25478,4.9760755570195,13.16756943522715
280800,7464.222689275817,0.0001811438361130604,1.05,5.25478,4.976148459517211,13.16756943522715
281400,7464.330667849366,0.0001788659633168936,1.05,5.25478,4.976220445232911,13.16756943522715
282000,7464.437288610176,0.0001766167343951747,1.05,5.25478,4.976291525740117,13.16756943522715
282600,7464.542568723307,0.0001743957872405917,1.05,5.25478,4.976361712482205,13.16756943522715
283200,7464.64652516299,0.0001722027637716201,1.05,5.25478,4.976431016775327,13.16756943522715
283800,7464.749174717022,0.0001700373098395721,1.05,5.25478,4.976499449811349,13.16756943522715
284400,7464.850533991157,0.000167899075136138,1.05,5.25478,4.976567022660771,13.16756943522715
285000,7464.950619413495,0.0001657877131006717,1.05,5.25478,4.976633746275663,13.16756943522715
285600,7465.04944723888,0.0001637028808274772,1.05,5.25478,4.976699631492587,13.16756943522715
286200,7465.147033553289,0.0001616442389732401,1.05,5.25478,4.976764689035526,13.16756943522715
286800,7465.243394278225,0.0001596114516642774,1.05,5.25478,4.976828929518816,13.16756943522715
287400,7465.338545175107,0.0001576041864040053,1.05,5.25478,4.976892363450071,13.16756943522715
288000,7465.432501849669,0.0001556221139801164,1.05,5.25478,4.976955001233113,13.16756943522715
288600,7465.525279756345,0.0001536649083720294,1.05,5.25478,4.977016853170896,13.16756943522715
289200,7465.616894202664,0.0001517322466582664,1.05,5.25478,4.977077929468443,13.16756943522715
289800,7465.707352502524,0.000149823974547744,1.05,5.25478,4.977138235001683,13.16756943522715
290400,7465.796658440288,0.0001479400122070547,1.05,5.25478,4.977197772293525,13.16756943522715
291000,7465.884840445205,0.0001460797599041325,1.05,5.25478,4.977256560296803,13.16756943522715
291600,7465.97191270554,0.0001442429183290187,1.05,5.25478,4.97731460847036,13.16756943522715
292200,7466.057889252564,0.0001424291914836067,1.05,5.25478,4.977371926168376,13.16756943522715
292800,7466.14278396418,0.0001406382866052445,1.05,5.25478,4.977428522642787,13.16756943522715
293400,7466.22661056854,0.0001388699140903009,1.05,5.25478,4.977484407045694,13.16756943522715
294000,7466.309382647662,0.000137123787417986,1.05,5.25478,4.977539588431775,13.16756943522715
294600,7466.391113641063,0.000135399623073572,1.05,5.25478,4.977594075760709,13.16756943522715
295200,7466.471816849368,0.0001336971404724682,1.05,5.25478,4.977647877899579,13.16756943522715
295800,7466.551505437938,0.0001320160618834234,1.05,5.25478,4.977701003625293,13.16756943522715
296400,7466.630192440491,0.0001303561123523832,1.05,5.25478,4.977753461626993,13.16756943522715
297000,7466.707890762721,0.0001287170196259285,1.05,5.25478,4.977805260508481,13.16756943522715
297600,7466.784613185922,0.0001270985140750418,1.05,5.25478,4.977856408790615,13.16756943522715
298200,7466.860372370608,0.000125500328618582,1.05,5.25478,4.977906914913738,13.16756943522715
298800,7466.935180860135,0.0001239221986469238,1.05,5.25478,4.97795678724009,13.16756943522715
299400,7467.009051084319,0.0001223638619456324,1.05,5.25478,4.978006034056213,13.16756943522715
300000,7467.081995363064,0.0001208250586189388,1.05,5.25478,4.978054663575376,13.16756943522715
300600,7467.154025909975,0.0001193055310135242,1.05,5.25478,4.978102683939984,13.16756943522715
301200,7467.225154835988,0.0001178050236419222,1.05,5.25478,4.978150103223992,13.16756943522715
301800,7467.295372083702,0.0001163237486710386,1.05,5.25478,4.978196914722468,13.16756943522715
302400,7467.364700489094,0.0001148612243622665,1.05,5.25478,4.978243133659396,13.16756943522715
303000,7467.433156450584,0.000113417104781056,1.05,5.25478,4.978288770967056,13.16756943522715
303600,7467.500751036246,0.0001119911564397626,1.05,5.25478,4.978333834024164,13.16756943522715
304200,7467.567495192792,0.0001105831484109331,1.05,5.25478,4.978378330128528,13.16756943522715
304800,7467.633399748313,0.0001091928522694798,1.05,5.25478,4.978422266498876,13.16756943522715
305400,7467.69847541502,0.0001078200420349094,1.05,5.25478,4.97846565027668,13.16756943522715
306000,7467.76273279199,0.0001064644941132974,1.05,5.25478,4.978508488527993,13.16756943522715
306600,7467.826182367905,0.0001051259872396258,1.05,5.25478,4.97855078824527,13.16756943522715
307200,7467.888834523795,0.0001038043024198305,1.05,5.25478,4.978592556349197,13.16756943522715
307800,7467.950699535784,0.0001024992228729025,1.05,5.25478,4.978633799690523,13.16756943522715
308400,7468.011787577829,0.0001012105339731534,1.05,5.25478,4.978674525051886,13.16756943522715
309000,7468.072108724465,9.993802319217139e-05,1.05,5.25478,4.978714739149643,13.16756943522715
309600,7468.131672953544,9.868148004121395e-05,1.05,5.25478,4.978754448635696,13.16756943522715
310200,7468.190490148982,9.74406960131273e-05,1.05,5.25478,4.978793660099321,13.16756943522715
310800,7468.248570103502,9.621546452455731e-05,1.05,5.25478,4.978832380069002,13.16756943522715
311400,7468.305922521371,9.50055808581601e-05,1.05,5.25478,4.978870615014247,13.16756943522715
312000,7468.362557021143,9.38108421047582e-05,1.05,5.25478,4.978908371347429,13.16756943522715
312600,7468.418483138414,9.263104710527841e-05,1.05,5.25478,4.978945655425609,13.16756943522715
313200,7468.473704694582,9.146611524496621e-05,1.05,5.25478,4.978982469796388,13.16756943522715
313800,7468.528216797134,9.031614973438991e-05,1.05,5.25478,4.979018811198089,13.16756943522715
314400,7468.582043337496,8.918064656952993e-05,1.05,5.25478,4.979054695558331,13.16756943522715
315000,7468.635192993095,8.805942269485968e-05,1.05,5.25478,4.979090128662063,13.16756943522715
315600,7468.687674341105,8.695229716977337e-05,1.05,5.25478,4.979125116227404,13.16756943522715
316200,7468.739495860444,8.585909112642184e-05,1.05,5.25478,4.979159663906962,13.16756943522715
316800,7468.790665933758,8.47796277278212e-05,1.05,5.25478,4.979193777289172,13.16756943522715
317400,7468.841192849422,8.371373212572508e-05,1.05,5.25478,4.979227461899615,13.16756943522715
318000,7468.891084803529,8.266123141866047e-05,1.05,5.25478,4.979260723202353,13.16756943522715
318600,7468.940349901886,8.162195460976363e-05,1.05,5.25478,4.979293566601258,13.16756943522715
319200,7468.988996161998,8.059573256494331e-05,1.05,5.25478,4.979325997441332,13.16756943522715
319800,7469.03703151507,7.958239797068017e-05,1.05,5.25478,4.979358021010047,13.16756943522715
320400,7469.084463808,7.858178529195356e-05,1.05,5.25478,4.979389642538666,13.16756943522715
321000,7469.131300805357,7.759373073051393e-05,1.05,5.25478,4.979420867203571,13.16756943522715
321600,7469.177550191393,7.661807218244576e-05,1.05,5.25478,4.979451700127595,13.16756943522715
322200,7469.223219572029,7.565464919629449e-05,1.05,5.25478,4.979482146381352,13.16756943522715
322800,7469.268316476837,7.470330293122969e-05,1.05,5.25478,4.979512210984558,13.16756943522715
323400,7469.31284836105,7.376387611462633e-05,1.05,5.25478,4.979541898907367,13.16756943522715
324000,7469.35682260754,7.283621300037339e-05,1.05,5.25478,4.979571215071694,13.16756943522715
324600,7469.400246528823,7.192015932654613e-05,1.05,5.25478,4.979600164352549,13.16756943522715
325200,7469.443117264607,7.101577543275198e-05,1.05,5.25478,4.979628744843072,13.16756943522715
325800,7469.485445333429,7.012283942411159e-05,1.05,5.25478,4.97965696355562,13.16756943522715
326400,7469.527241248175,6.924112952499854e-05,1.05,5.25478,4.979684827498783,13.16756943522715
327000,7469.568511716633,6.837050423058827e-05,1.05,5.25478,4.979712341144422,13.16756943522715
327600,7469.609263367255,6.751082370972654e-05,1.05,5.25478,4.979739508911504,13.16756943522715
328200,7469.649502750692,6.666194977249689e-05,1.05,5.25478,4.979766335167128,13.16756943522715
328800,7469.689236341325,6.582374583793352e-05,1.05,5.25478,4.97979282422755,13.16756943522715
329400,7469.728470538823,6.499607690120684e-05,1.05,5.25478,4.979818980359215,13.16756943522715
330000,7469.76721166966,6.417880950149992e-05,1.05,5.25478,4.979844807779774,13.16756943522715
330600,7469.805465988671,6.337181168937605e-05,1.05,5.25478,4.979870310659114,13.16756943522715
331200,7469.843239680587,6.257495299421862e-05,1.05,5.25478,4.979895493120391,13.16756943522715
331800,7469.88053886157,6.178810439185326e-05,1.05,5.25478,4.979920359241047,13.16756943522715
332400,7469.917369580759,6.10111382721334e-05,1.05,5.25478,4.979944913053839,13.16756943522715
333000,7469.953737821804,6.024392840634391e-05,1.05,5.25478,4.97996915854787,13.16756943522715
333600,7469.989649504409,5.948634991476865e-05,1.05,5.25478,4.979993099669606,13.16756943522715
334200,7470.025110485867,5.873827923433055e-05,1.05,5.25478,4.980016740323912,13.16756943522715
334800,7470.060126562608,5.799959408583163e-05,1.05,5.25478,4.980040084375072,13.16756943522715
335400,7470.094703471727,5.727017344182968e-05,1.05,5.25478,4.980063135647819,13.16756943522715
336000,7470.128846892534,5.654989749386004e-05,1.05,5.25478,4.980085897928356,13.16756943522715
336600,7470.162561130115,5.583867542352891e-05,1.05,5.25478,4.980108374086743,13.16756943522715
337200,7470.195845531788,5.513652099960382e-05,1.05,5.25478,4.980130563687859,13.16756943522715
337800,7470.228711293164,5.444319804393672e-05,1.05,5.25478,4.980152474195442,13.16756943522715
338400,7470.261163683452,5.375859539937665e-05,1.05,5.25478,4.980174109122301,13.16756943522715
339000,7470.293207910869,5.308260319547116e-05,1.05,5.25478,4.980195471940579,13.16756943522715
339600,7470.324849123903,5.24151128217818e-05,1.05,5.25478,4.980216566082602,13.16756943522715
340200,7470.356092412599,5.175601690078111e-05,1.05,5.25478,4.980237394941732,13.16756943522715
340800,7470.38694280982,5.110520926116806e-05,1.05,5.25478,4.980257961873213,13.16756943522715
341400,7470.417405292534,5.046258491081972e-05,1.05,5.25478,4.980278270195022,13.16756943522715
342000,7470.447484783082,4.982804001001568e-05,1.05,5.25478,4.980298323188721,13.16756943522715
342600,7470.477186150456,4.920147184442613e-05,1.05,5.25478,4.980318124100304,13.16756943522715
343200,7470.506514211577,4.858277879824527e-05,1.05,5.25478,4.980337676141051,13.16756943522715
343800,7470.535473732562,4.797186032736135e-05,1.05,5.25478,4.980356982488375,13.16756943522715
344400,7470.564069430005,4.736861693236279e-05,1.05,5.25478,4.98037604628667,13.16756943522715
345000,7470.592305972253,4.677295013174444e-05,1.05,5.25478,4.980394870648168,13.16756943522715
345600,7470.62018798067,4.618476243496844e-05,1.05,5.25478,4.98041345865378,13.16756943522715
346200,7470.647720030935,4.560395731541575e-05,1.05,5.25478,4.980431813353956,13.16756943522715
346800,7470.67490665429,4.503043918375624e-05,1.05,5.25478,4.980449937769526,13.16756943522715
347400,7470.70175233883,4.44641133609548e-05,1.05,5.25478,4.980467834892553,13.16756943522715
348000,7470.72826153078,4.390488605125938e-05,1.05,5.25478,4.980485507687187,13.16756943522715
348600,7470.754433918743,4.335276382376833e-05,1.05,5.25478,4.980502955945829,13.16756943522715
349200,7470.780274449562,4.280764232180445e-05,1.05,5.25478,4.980520182966375,13.16756943522715
349800,7470.805789808865,4.226938050811441e-05,1.05,5.25478,4.98053719320591,13.16756943522715
350400,7470.830984105954,4.173789169444717e-05,1.05,5.25478,4.980553989403969,13.16756943522715
351000,7470.855861404551,4.121309015416046e-05,1.05,5.25478,4.9805705742697,13.16756943522715
351600,7470.880425723834,4.069489110026552e-05,1.05,5.25478,4.980586950482556,13.16756943522715
352200,7470.904681039463,4.018321066389035e-05,1.05,5.25478,4.980603120692975,13.16756943522715
352800,7470.928631284622,3.967796587212433e-05,1.05,5.25478,4.980619087523081,13.16756943522715
353400,7470.952280351045,3.917907462648145e-05,1.05,5.25478,4.980634853567364,13.16756943522715
354000,7470.975632090059,3.868645568094507e-05,1.05,5.25478,4.980650421393372,13.16756943522715
354600,7470.998690313603,3.820002862034016e-05,1.05,5.25478,4.980665793542403,13.16756943522715
355200,7471.021458795275,3.771971383839627e-05,1.05,5.25478,4.980680972530183,13.16756943522715
355800,7471.043941271359,3.724543251590148e-05,1.05,5.25478,4.980695960847573,13.16756943522715
356400,7471.066141441856,3.677710659918376e-05,1.05,5.25478,4.980710760961237,13.16756943522715
357000,7471.088062971521,3.631465877797382e-05,1.05,5.25478,4.980725375314347,13.16756943522715
357600,7471.1097094909,3.585801246375923e-05,1.05,5.25478,4.980739806327267,13.16756943522715
358200,7471.131084597353,3.540709176806558e-05,1.05,5.25478,4.980754056398236,13.16756943522715
358800,7471.152191856098,3.496182148048319e-05,1.05,5.25478,4.980768127904065,13.16756943522715
359400,7471.173034801238,3.452212704700287e-05,1.05,5.25478,4.980782023200825,13.16756943522715
360000,7471.193616310018,3.408794777036746e-05,1.05,5.25478,4.980795744206679,13.16756943522715
360600,7471.213932852091,3.365935812542375e-05,1.05,5.25478,4.980809288568061,13.16756943522715
361200,7471.233993759288,3.323616125155241e-05,1.05,5.25478,4.980822662506192,13.16756943522715
361800,7471.253802268196,3.281828887103984e-05,1.05,5.25478,4.980835868178797,13.16756943522715
362400,7471.273361579144,3.240567347100296e-05,1.05,5.25478,4.980848907719429,13.16756943522715
363000,7471.292674856968,3.199824828734563e-05,1.05,5.25478,4.980861783237978,13.16756943522715
363600,7471.311745231811,3.159594728780576e-05,1.05,5.25478,4.980874496821207,13.16756943522715
364200,7471.330575799893,3.119870515576622e-05,1.05,5.25478,4.980887050533262,13.16756943522715
364800,7471.3491696243,3.080645727361116e-05,1.05,5.25478,4.9808994464162,13.16756943522715
365400,7471.367529735762,3.041913970624592e-05,1.05,5.25478,4.980911686490508,13.16756943522715
366000,7471.385659133446,3.003668918447147e-05,1.05,5.25478,4.980923772755631,13.16756943522715
366600,7471.403560785721,2.965904308872268e-05,1.05,5.25478,4.980935707190481,13.16756943522715
367200,7471.421237630955,2.928613943242453e-05,1.05,5.25478,4.98094749175397,13.16756943522715
367800,7471.438692578296,2.89179168452938e-05,1.05,5.25478,4.98095912838553,13.16756943522715
368400,7471.455928508448,2.855431455718645e-05,1.05,5.25478,4.980970619005632,13.16756943522715
369000,7471.472948274461,2.819527238127193e-05,1.05,5.25478,4.980981965516308,13.16756943522715
369600,7471.489754702509,2.784073069773512e-05,1.05,5.25478,4.980993169801673,13.16756943522715
370200,7471.506350592675,2.749063043716888e-05,1.05,5.25478,4.981004233728449,13.16756943522715
370800,7471.522738719727,2.714491306411219e-05,1.05,5.25478,4.981015159146485,13.16756943522715
371400,7471.538921833916,2.680352056044285e-05,1.05,5.25478,4.981025947889277,13.16756943522715
372000,7471.554899280589,2.646646673640135e-05,1.05,5.25478,4.981036599520393,13.16756943522715
372600,7471.570673263806,2.613370509603556e-05,1.05,5.25478,4.981047115509204,13.16756943522715
373200,7471.586248875147,2.580512822944002e-05,1.05,5.25478,4.981057499250098,13.16756943522715
373800,7471.60162862345,2.548068321115352e-05,1.05,5.25478,4.981067752415633,13.16756943522715
374400,7471.616814988553,2.516031772745919e-05,1.05,5.25478,4.981077876659036,13.16756943522715
375000,7471.631810421881,2.484398006416086e-05,1.05,5.25478,4.981087873614587,13.16756943522715
375600,7471.646617347022,2.45316190941594e-05,1.05,5.25478,4.981097744898014,13.16756943522715
376200,7471.66123816031,2.422318426535639e-05,1.05,5.25478,4.981107492106873,13.16756943522715
376800,7471.67567523141,2.391862558826688e-05,1.05,5.25478,4.98111711682094,13.16756943522715
377400,7471.689930903891,2.361789362386844e-05,1.05,5.25478,4.981126620602594,13.16756943522715
378000,7471.704007495817,2.332093947125031e-05,1.05,5.25478,4.981136004997211,13.16756943522715
378600,7471.717907300316,2.302771475544432e-05,1.05,5.25478,4.981145271533544,13.16756943522715
379200,7471.731632586176,2.273817161507395e-05,1.05,5.25478,4.981154421724117,13.16756943522715
379800,7471.745185598414,2.245226269009436e-05,1.05,5.25478,4.981163457065609,13.16756943522715
380400,7471.758568558864,2.216994110962332e-05,1.05,5.25478,4.981172379039243,13.16756943522715
381000,7471.771783666756,2.189116047957214e-05,1.05,5.25478,4.981181189111171,13.16756943522715
381600,7471.784833099297,2.161587487045835e-05,1.05,5.25478,4.981189888732865,13.16756943522715
382200,7471.797719012252,2.134403880512764e-05,1.05,5.25478,4.981198479341502,13.16756943522715
382800,7471.810443540528,2.107560724643918e-05,1.05,5.25478,4.981206962360352,13.16756943522715
383400,7471.823008791277,2.081053574273028e-05,1.05,5.25478,4.981215339194184,13.16756943522715
384000,7471.835412784462,2.054886606409127e-05,1.05,5.25478,4.981223608522975,13.16756943522715
384600,7471.847660805916,2.02904867027064e-05,1.05,5.25478,4.981231773870611,13.16756943522715
385200,7471.859754820994,2.003535619824106e-05,1.05,5.25478,4.981239836547329,13.16756943522715
385800,7471.871696771908,1.978343357852282e-05,1.05,5.25478,4.981247797847939,13.16756943522715
386400,7471.883488578183,1.953467835006449e-05,1.05,5.25478,4.981255659052122,13.16756943522715
387000,7471.895132137121,1.928905048813249e-05,1.05,5.25478,4.981263421424748,13.16756943522715
387600,7471.906629324243,1.90465104274881e-05,1.05,5.25478,4.981271086216162,13.16756943522715
388200,7471.917981993754,1.880701905256501e-05,1.05,5.25478,4.981278654662503,13.16756943522715
388800,7471.929191978987,1.857053768808328e-05,1.05,5.25478,4.981286127985991,13.16756943522715
389400,7471.940261092873,1.833702808919043e-05,1.05,5.25478,4.981293507395248,13.16756943522715
390000,7471.951191128383,1.810645243209365e-05,1.05,5.25478,4.981300794085588,13.16756943522715
390600,7471.96198385899,1.787877330429183e-05,1.05,5.25478,4.981307989239326,13.16756943522715
391200,7471.972641039123,1.765395369506223e-05,1.05,5.25478,4.981315094026082,13.16756943522715
391800,7471.983164404617,1.743195698594718e-05,1.05,5.25478,4.981322109603078,13.16756943522715
392400,7471.993555673179,1.721274694087697e-05,1.05,5.25478,4.981329037115453,13.16756943522715
393000,7472.003816544825,1.699628769698393e-05,1.05,5.25478,4.98133587769655,13.16756943522715
393600,7472.013948702359,1.678254375450706e-05,1.05,5.25478,4.981342632468239,13.16756943522715
394200,7472.023953811802,1.657147996773347e-05,1.05,5.25478,4.981349302541202,13.16756943522715
394800,7472.033833522872,1.636306153490296e-05,1.05,5.25478,4.981355889015248,13.16756943522715
395400,7472.043588296635,1.615727872949719e-05,1.05,5.25478,4.981362392197757,13.16756943522715
396000,7472.053219146445,1.59541101742434e-05,1.05,5.25478,4.981368812764297,13.16756943522715
396600,7472.062728851583,1.575349723852923e-05,1.05,5.25478,4.981375152567722,13.16756943522715
397200,7472.072118938933,1.555540771183587e-05,1.05,5.25478,4.981381412625955,13.16756943522715
397800,7472.081390917891,1.535980975253551e-05,1.05,5.25478,4.981387593945261,13.16756943522715
398400,7472.09054628072,1.516667188043357e-05,1.05,5.25478,4.98139369752048,13.16756943522715
399000,7472.099586502945,1.497596296845586e-05,1.05,5.25478,4.981399724335297,13.16756943522715
399600,7472.108513043701,1.478765223528171e-05,1.05,5.25478,4.981405675362468,13.16756943522715
400200,7472.117327346122,1.460170923714031e-05,1.05,5.25478,4.981411551564081,13.16756943522715
400800,7472.126030837704,1.441810386011639e-05,1.05,5.25478,4.981417353891803,13.16756943522715
401400,7472.134624930681,1.423680631232855e-05,1.05,5.25478,4.981423083287121,13.16756943522715
402000,7472.14311102239,1.405778711605308e-05,1.05,5.25478,4.981428740681594,13.16756943522715
402600,7472.151490495658,1.388101709977491e-05,1.05,5.25478,4.981434326997106,13.16756943522715
403200,7472.159764719156,1.37064673905661e-05,1.05,5.25478,4.981439843146104,13.16756943522715
403800,7472.167935047778,1.353410940608228e-05,1.05,5.25478,4.981445290031852,13.16756943522715
404400,7472.176002823022,1.336391484665e-05,1.05,5.25478,4.981450668548681,13.16756943522715
405000,7472.183969373345,1.319585568764523e-05,1.05,5.25478,4.98145597958223,13.16756943522715
405600,7472.191836014545,1.302990417156252e-05,1.05,5.25478,4.981461224009696,13.16756943522715
406200,7472.199604050136,1.286603279993869e-05,1.05,5.25478,4.981466402700091,13.16756943522715
406800,7472.20727477171,1.270421432589501e-05,1.05,5.25478,4.981471516514474,13.16756943522715
407400,7472.214846096454,1.254449268764802e-05,1.05,5.25478,4.981476564064303,13.16756943522715
408000,7472.222321608954,1.238679226613385e-05,1.05,5.25478,4.981481547739302,13.16756943522715
408600,7472.229702751197,1.223108264184703e-05,1.05,5.25478,4.981486468500798,13.16756943522715
409200,7472.236990683572,1.207733933562849e-05,1.05,5.25478,4.981491327122382,13.16756943522715
409800,7472.244186551638,1.192553818127635e-05,1.05,5.25478,4.981496124367759,13.16756943522715
410400,7472.251291486359,1.177565532036169e-05,1.05,5.25478,4.981500860990906,13.16756943522715
411000,7472.258306604383,1.162766719657156e-05,1.05,5.25478,4.981505537736255,13.16756943522715
411600,7472.265233008281,1.148155055050665e-05,1.05,5.25478,4.981510155338854,13.16756943522715
412200,7472.272071786817,1.133728241402423e-05,1.05,5.25478,4.981514714524544,13.16756943522715
412800,7472.278824015199,1.119484010496308e-05,1.05,5.25478,4.981519216010132,13.16756943522715
413400,7472.285490755343,1.105420122157739e-05,1.05,5.25478,4.981523660503562,13.16756943522715
414000,7472.292073056126,1.091534363717074e-05,1.05,5.25478,4.981528048704084,13.16756943522715
414600,7472.298571953647,1.077824549463912e-05,1.05,5.25478,4.981532381302432,13.16756943522715
415200,7472.304988471485,1.064288520094124e-05,1.05,5.25478,4.98153665898099,13.16756943522715
415800,7472.311323620951,1.050924142185977e-05,1.05,5.25478,4.981540882413968,13.16756943522715
416400,7472.317578401355,1.037729307638074e-05,1.05,5.25478,4.981545052267569,13.16756943522715
417000,7472.323753800258,1.02470193312729e-05,1.05,5.25478,4.981549169200171,13.16756943522715
417600,7472.32985079373,1.011839959579447e-05,1.05,5.25478,4.981553233862487,13.16756943522715
418200,7472.335870346612,9.991413515999738e-06,1.05,5.25478,4.981557246897741,13.16756943522715
418800,7472.341813412771,9.866040969554889e-06,1.05,5.25478,4.981561208941847,13.16756943522715
419400,7472.347680935357,9.742262060080975e-06,1.05,5.25478,4.981565120623571,13.16756943522715
420000,7472.353473847061,9.620057111933421e-06,1.05,5.25478,4.981568982564707,13.16756943522715
420600,7472.35919307038,9.49940666449038e-06,1.05,5.25478,4.981572795380253,13.16756943522715
421200,7472.364839517857,9.380291467095957e-06,1.05,5.25478,4.981576559678571,13.16756943522715
421800,7472.370414092367,9.262692473057542e-06,1.05,5.25478,4.981580276061578,13.16756943522715
422400,7472.375917687345,9.146590834825474e-06,1.05,5.25478,4.981583945124897,13.16756943522715
423000,7472.381351187068,9.031967898099538e-06,1.05,5.25478,4.981587567458045,13.16756943522715
423600,7472.386715466893,8.918805196608446e-06,1.05,5.25478,4.981591143644596,13.16756943522715
424200,7472.392011393534,8.80708444656193e-06,1.05,5.25478,4.981594674262356,13.16756943522715
424800,7472.397239825303,8.696787541339291e-06,1.05,5.25478,4.981598159883535,13.16756943522715
425400,7472.40240161238,8.587896545868716e-06,1.05,5.25478,4.98160160107492,13.16756943522715
426000,7472.407497597066,8.480393691334029e-06,1.05,5.25478,4.981604998398044,13.16756943522715
426600,7472.412528614041,8.374261369644955e-06,1.05,5.25478,4.981608352409361,13.16756943522715
427200,7472.417495490621,8.269482128052915e-06,1.05,5.25478,4.981611663660414,13.16756943522715
427800,7472.422399047017,8.166038663730433e-06,1.05,5.25478,4.981614932698012,13.16756943522715
428400,7472.427240096599,8.063913818168658e-06,1.05,5.25478,4.981618160064399,13.16756943522715
429000,7472.432019446139,7.963090572029614e-06,1.05,5.25478,4.981621346297426,13.16756943522715
429600,7472.436737896083,7.863552039380011e-06,1.05,5.25478,4.981624491930722,13.16756943522715
430200,7472.441396240806,7.765281462434359e-06,1.05,5.25478,4.981627597493871,13.16756943522715
430800,7472.445993775542,7.66829370866617e-06,1.05,5.25478,4.981630662517028,13.16756943522715
431400,7472.450532266952,7.57255150927449e-06,1.05,5.25478,4.981633688177968,13.16756943522715
432000,7472.455012750263,7.478033025545301e-06,1.05,5.25478,4.981636675166842,13.16756943522715
432000,7472.455012750263,7.478033025545301e-06,1.05,5.25478,4.981636675166842,13.16756943522715
